date,flow
2000-01-06,70.0478849830437
2000-01-13,102.92373810772
2000-01-20,146.536399687222
2000-01-27,114.012848248318
2000-02-03,95.4056683782738
2000-02-10,71.9798863668853
2000-02-17,67.2869140973175
2000-02-24,79.3343613877314
2000-03-02,64.1678667720331
2000-03-09,69.5937719963363
2000-03-16,89.9502294339084
2000-03-23,75.5433916864301
2000-03-30,81.926027130608
2000-04-06,66.0204375004365
2000-04-13,30.9898464018856
2000-04-20,46.2537286963436
2000-04-27,46.5321804395646
2000-05-04,77.2908031910009
2000-05-11,35.5397934241551
2000-05-18,20.280898742026
2000-05-25,21.1866207066326
2000-06-01,37.8335127588218
2000-06-08,17.060386901865
2000-06-15,24.7359711753413
2000-06-22,25.8354758483538
2000-06-29,36.6530693033654
2000-07-06,52.1224360523072
2000-07-13,62.430920941711
2000-07-20,137.210343871394
2000-07-27,255.843446173655
2000-08-03,238.568970002068
2000-08-10,144.343209284747
2000-08-17,129.162065618334
2000-08-24,73.3644597744058
2000-08-31,68.3933406792407
2000-09-07,24.1358750049926
2000-09-14,40.9160236417429
2000-09-21,45.6065183422077
2000-09-28,57.5957072612821
2000-10-05,53.1871109473291
2000-10-12,77.2468624435943
2000-10-19,68.2833598817115
2000-10-26,37.2182662924314
2000-11-02,111.471598853353
2000-11-09,225.6827107896
2000-11-16,258.329918611502
2000-11-23,288.247920330864
2000-11-30,350.740438723011
2000-12-07,263.814930243779
2000-12-14,210.486659050469
2000-12-21,233.817128322826
2000-12-28,162.661021665899
2001-01-04,148.458924653938
2001-01-11,178.350267265565
2001-01-18,143.336385170253
2001-01-25,130.560837236295
2001-02-01,121.504822286977
2001-02-08,105.39499021435
2001-02-15,119.632436443025
2001-02-22,116.016331948368
2001-03-01,118.239553870833
2001-03-08,72.7511200512677
2001-03-15,123.519663178568
2001-03-22,137.807810813114
2001-03-29,104.597183154333
2001-04-05,98.6522300690363
2001-04-12,124.456059243368
2001-04-19,113.74751660776
2001-04-26,129.655155158828
2001-05-03,105.486657503599
2001-05-10,92.5051079984138
2001-05-17,73.1880851731908
2001-05-24,39.1342582756748
2001-05-31,21.8551993247399
2001-06-07,31.4886347567095
2001-06-14,31.3308572502342
2001-06-21,25.976810067992
2001-06-28,1.51341550727686
2001-07-05,33.1563731094154
2001-07-12,29.7269699381418
2001-07-19,5.77900909148514
2001-07-26,27.4932940525184
2001-08-02,14.8467180598481
2001-08-09,20.5342716785401
2001-08-16,10.0550051325009
2001-08-23,23.4853448686875
2001-08-30,18.094243988785
2001-09-06,19.4823774223173
2001-09-13,28.3233603236129
2001-09-20,48.646462343015
2001-09-27,45.4819762641412
2001-10-04,6.11469757048235
2001-10-11,18.0232637250325
2001-10-18,19.7880710286903
2001-10-25,11.0061411747937
2001-11-01,-7.05346628148719
2001-11-08,-16.2347617197754
2001-11-15,-19.5509506861692
2001-11-22,-43.5544625728174
2001-11-29,31.3358204672186
2001-12-06,74.9062603978557
2001-12-13,70.3199757452947
2001-12-20,40.4227026722165
2001-12-27,55.5067687657951
2002-01-03,53.9224720103439
2002-01-10,49.6415600698841
2002-01-17,31.7384859103913
2002-01-24,89.0675319385275
2002-01-31,71.9039966347417
2002-02-07,141.428952711691
2002-02-14,212.417914320493
2002-02-21,190.988383285737
2002-02-28,167.330468881206
2002-03-07,128.905923727887
2002-03-14,182.850967055783
2002-03-21,197.33704829689
2002-03-28,185.036703107985
2002-04-04,142.2207758934
2002-04-11,123.169289091332
2002-04-18,101.802195449685
2002-04-25,52.2190026070916
2002-05-02,84.9035822481821
2002-05-09,98.3471134030989
2002-05-16,76.3179017951481
2002-05-23,16.3476837574585
2002-05-30,81.1127025445009
2002-06-06,22.8075772228428
2002-06-13,40.3782557788322
2002-06-20,32.0051235912404
2002-06-27,47.4618980070029
2002-07-04,58.1900604026735
2002-07-11,80.4656331451132
2002-07-18,59.1657414865827
2002-07-25,79.6261291860845
2002-08-01,104.620921175872
2002-08-08,44.7755287554567
2002-08-15,53.5597393882049
2002-08-22,25.2488732407616
2002-08-29,32.1707884780185
2002-09-05,25.4108506769482
2002-09-12,25.7708857597647
2002-09-19,-27.928385432109
2002-09-26,11.9373225817186
2002-10-03,-23.097628459894
2002-10-10,41.2422618742206
2002-10-17,73.8294250320512
2002-10-24,74.3637941409083
2002-10-31,42.5630048416047
2002-11-07,11.6914184335801
2002-11-14,18.9388530285559
2002-11-21,35.810511908206
2002-11-28,54.0506035469032
2002-12-05,109.995847163925
2002-12-12,69.0995365501943
2002-12-19,34.913086559403
2002-12-26,2.67764004610683
2003-01-02,29.4503253820718
2003-01-09,23.6061223948126
2003-01-16,6.01364376376721
2003-01-23,38.1420454650003
2003-01-30,94.0173957870797
2003-02-06,81.1978481257488
2003-02-13,57.7575479459791
2003-02-20,51.4789247361924
2003-02-27,40.8906670780032
2003-03-06,63.5694138806761
2003-03-13,35.8724161333147
2003-03-20,49.67862828589
2003-03-27,39.9379943003037
2003-04-03,42.212981872977
2003-04-10,53.3509786872185
2003-04-17,59.6480135443248
2003-04-24,50.4097582046282
2003-05-01,56.7618352977825
2003-05-08,110.08343634662
2003-05-15,100.553771848136
2003-05-22,70.7308692038234
2003-05-29,57.4932948827811
2003-06-05,38.5717637584904
2003-06-12,49.9290483288418
2003-06-19,39.4683836133198
2003-06-26,62.2439821683647
2003-07-03,55.2418013395768
2003-07-10,52.3083246449693
2003-07-17,42.1397378254142
2003-07-24,59.456648141413
2003-07-31,36.6865781443646
2003-08-07,26.9483518902468
2003-08-14,34.1488426477879
2003-08-21,20.8387182808919
2003-08-28,-12.2657607610811
2003-09-04,-14.3957167585638
2003-09-11,31.0180283109625
2003-09-18,14.428841446029
2003-09-25,10.7623876140267
2003-10-02,-15.8093043132056
2003-10-09,6.28363481864635
2003-10-16,-12.8008600971045
2003-10-23,-4.49448838786977
2003-10-30,-35.6177245260264
2003-11-06,39.6444098347888
2003-11-13,21.7440639608859
2003-11-20,9.80200385452767
2003-11-27,57.0020441840836
2003-12-04,111.477251114671
2003-12-11,49.0311987344064
2003-12-18,57.4543757882469
2003-12-25,76.1749170121964
2004-01-01,165.11177187842
2004-01-08,156.093308159554
2004-01-15,143.825490095366
2004-01-22,107.388692925266
2004-01-29,85.1125536822262
2004-02-05,68.0882058640959
2004-02-12,121.361442134813
2004-02-19,96.9379306679033
2004-02-26,91.0373868816581
2004-03-04,78.8183237985308
2004-03-11,71.3396655413038
2004-03-18,88.5535507457216
2004-03-25,158.455481126429
2004-04-01,133.973585954163
2004-04-08,134.997024451471
2004-04-15,81.0443917405922
2004-04-22,76.6076420199346
2004-04-29,85.1276326220148
2004-05-06,69.4203720139124
2004-05-13,34.7302484361826
2004-05-20,0.427049484326991
2004-05-27,-8.76301967994177
2004-06-03,16.2370977596358
2004-06-10,28.7367929381545
2004-06-17,13.4987985561778
2004-06-24,30.3665765288585
2004-07-01,31.3083471381472
2004-07-08,40.8536913092826
2004-07-15,48.8311708691416
2004-07-22,58.1753881988677
2004-07-29,58.0212543336865
2004-08-05,18.7655336650402
2004-08-12,20.2020260796295
2004-08-19,21.1590855853097
2004-08-26,21.219763640604
2004-09-02,41.8333813594518
2004-09-09,17.4077494578342
2004-09-16,36.0913769616719
2004-09-23,40.8409422416761
2004-09-30,52.4621426181339
2004-10-07,80.9680767263155
2004-10-14,55.9825138393333
2004-10-21,101.93869369433
2004-10-28,109.629881512829
2004-11-04,106.504799617837
2004-11-11,69.1525715662006
2004-11-18,15.0372688013793
2004-11-25,43.8770842330879
2004-12-02,38.9120073699423
2004-12-09,47.4634403073692
2004-12-16,86.8311497448459
2004-12-23,73.0577783371567
2004-12-30,93.8711832070448
2005-01-06,73.5532450107366
2005-01-13,85.3745215963107
2005-01-20,128.668896708851
2005-01-27,140.159195992102
2005-02-03,94.16418035627
2005-02-10,85.7285743996582
2005-02-17,85.8739857577383
2005-02-24,78.3985329207902
2005-03-03,65.8313529995755
2005-03-10,58.0003188888096
2005-03-17,80.2860073002883
2005-03-24,46.1975490421469
2005-03-31,97.5043593325712
2005-04-07,50.9109056751248
2005-04-14,26.7623477446874
2005-04-21,51.3897467823891
2005-04-28,32.1932085534077
2005-05-05,50.3347169803201
2005-05-12,34.6139470159003
2005-05-19,4.13342477334749
2005-05-26,36.8676811865363
2005-06-02,14.8537048923454
2005-06-09,25.2619217970871
2005-06-16,50.7125156222039
2005-06-23,21.9987423396903
2005-06-30,26.2647810804691
2005-07-07,45.7266771465356
2005-07-14,23.6150376130829
2005-07-21,31.6142690364517
2005-07-28,40.610541621428
2005-08-04,36.617487085559
2005-08-11,56.5973901526633
2005-08-18,51.6133177123603
2005-08-25,53.8367357316498
2005-09-01,29.8117578728655
2005-09-08,35.1311932765364
2005-09-15,38.2008262951606
2005-09-22,0.718826052597488
2005-09-29,18.974801524596
2005-10-06,28.7203744658624
2005-10-13,25.945248962984
2005-10-20,13.1931280385166
2005-10-27,-7.67594078912134
2005-11-03,7.09583126305729
2005-11-10,35.1574039573375
2005-11-17,-2.76398607586686
2005-11-24,4.46695211919811
2005-12-01,27.0981020257549
2005-12-08,49.7401588956395
2005-12-15,19.3290680966505
2005-12-22,32.4523582695367
2005-12-29,73.2733349553581
2006-01-05,83.0240080255492
2006-01-12,42.310308490288
2006-01-19,50.8877853999467
2006-01-26,80.1169780033103
2006-02-02,2.76726439601829
2006-02-09,61.7438787816933
2006-02-16,58.9605385007182
2006-02-23,66.8195059409736
2006-03-02,42.5754055520438
2006-03-09,48.082655661093
2006-03-16,62.5966661194535
2006-03-23,32.8759364017744
2006-03-30,42.2912193904115
2006-04-06,67.1235554349981
2006-04-13,98.6359377942876
2006-04-20,167.796002922602
2006-04-27,202.057149797298
2006-05-04,229.591081202059
2006-05-11,155.934592533747
2006-05-18,82.3457334582971
2006-05-25,100.705191786983
2006-06-01,92.7022358061197
2006-06-08,47.4907736326467
2006-06-15,67.3951252711475
2006-06-22,44.0689735924306
2006-06-29,27.3129223338914
2006-07-06,33.1937377027666
2006-07-13,31.6912951504421
2006-07-20,22.54916903856
2006-07-27,14.7516291584423
2006-08-03,19.9832011459346
2006-08-10,21.6861549829159
2006-08-17,36.2387877596191
2006-08-24,21.8938324432389
2006-08-31,38.7499528290592
2006-09-07,33.2340785829534
2006-09-14,9.66231516170387
2006-09-21,50.4994653887503
2006-09-28,35.8646237479484
2006-10-05,34.0736471115552
2006-10-12,23.6571548956197
2006-10-19,15.9117044661629
2006-10-26,55.4530568189605
2006-11-02,73.0279472534505
2006-11-09,100.930054308678
2006-11-16,128.9212548663
2006-11-23,187.55840273687
2006-11-30,182.894264840986
2006-12-07,125.034175580302
2006-12-14,154.667258146928
2006-12-21,123.349159472377
2006-12-28,80.1823218222156
2007-01-04,65.2417446841614
2007-01-11,84.7676418864258
2007-01-18,132.521014448095
2007-01-25,174.993058421187
2007-02-01,122.040857508008
2007-02-08,96.9250003310872
2007-02-15,109.978980003354
2007-02-22,72.0645004869103
2007-03-01,70.0413320999708
2007-03-08,81.3301506895477
2007-03-15,117.012492765423
2007-03-22,114.225001855882
2007-03-29,129.465706203882
2007-04-05,85.5406029171051
2007-04-12,30.1647006725494
2007-04-19,28.8788996388469
2007-04-26,19.3216688536733
2007-05-03,35.6455224934632
2007-05-10,18.4873818440781
2007-05-17,38.7694855740257
2007-05-24,36.9045843295197
2007-05-31,6.619121730425
2007-06-07,51.9360140379372
2007-06-14,16.3956658183119
2007-06-21,27.5792165211101
2007-06-28,28.1111620537386
2007-07-05,33.3281839955596
2007-07-12,-2.97277195179521
2007-07-19,33.3022768253918
2007-07-26,23.2166978762824
2007-08-02,24.5664129429058
2007-08-09,45.6410594478043
2007-08-16,10.1526285991015
2007-08-23,28.4741029786264
2007-08-30,-17.5157438265095
2007-09-06,-18.5149455129263
2007-09-13,9.42882018231756
2007-09-20,-26.5328674914501
2007-09-27,-1.22432576182283
2007-10-04,41.1821122092909
2007-10-11,-20.8791805969756
2007-10-18,-27.7534103682297
2007-10-25,-7.7453271777297
2007-11-01,25.6027237721121
2007-11-08,-7.31675237095326
2007-11-15,18.3328658295334
2007-11-22,8.89154610378886
2007-11-29,10.5545791816058
2007-12-06,61.4433009387328
2007-12-13,146.582140640485
2007-12-20,129.213743078467
2007-12-27,84.7852904354161
2008-01-03,93.3761479400421
2008-01-10,141.629269915697
2008-01-17,117.573840890818
2008-01-24,149.955647788934
2008-01-31,145.596680496411
2008-02-07,159.517969082842
2008-02-14,163.625353207629
2008-02-21,112.324576897941
2008-02-28,63.8006666271715
2008-03-06,92.0062540871437
2008-03-13,113.271573904204
2008-03-20,115.8565264003
2008-03-27,103.769726539462
2008-04-03,81.9924164248566
2008-04-10,70.0600745039468
2008-04-17,101.09029502504
2008-04-24,86.6420159181538
2008-05-01,54.7577229719567
2008-05-08,61.1341840760724
2008-05-15,5.29304617140874
2008-05-22,25.831905663155
2008-05-29,33.1857574371876
2008-06-05,14.3458042286588
2008-06-12,11.6867550681312
2008-06-19,31.0873430790519
2008-06-26,9.06750360892149
2008-07-03,37.7462307049711
2008-07-10,-3.73515903161765
2008-07-17,18.6414715825867
2008-07-24,25.0602035539459
2008-07-31,14.0299932201578
2008-08-07,7.35128464875365
2008-08-14,40.8433542460144
2008-08-21,64.6066163049169
2008-08-28,84.7424705825887
2008-09-04,59.1832550990934
2008-09-11,102.747578008224
2008-09-18,113.29486802168
2008-09-25,90.5469123806528
2008-10-02,52.0863716655525
2008-10-09,46.2759289338412
2008-10-16,13.273488326817
2008-10-23,18.3495523494047
2008-10-30,21.6123210813928
2008-11-06,53.055576566952
2008-11-13,101.988242414104
2008-11-20,123.200489822267
2008-11-27,85.7109404702594
2008-12-04,139.407060943728
2008-12-11,188.544461862744
2008-12-18,173.094085183545
2008-12-25,147.882591629156
2009-01-01,109.71799315661
2009-01-08,96.8595464490705
2009-01-15,75.6327476165887
2009-01-22,102.788931614821
2009-01-29,114.127356631076
2009-02-05,78.6668663403566
2009-02-12,73.7025122545158
2009-02-19,60.0806841481117
2009-02-26,60.206987407974
2009-03-05,54.5155945881226
2009-03-12,90.7148118801694
2009-03-19,66.1437212677268
2009-03-26,73.9983558225451
2009-04-02,78.8849509574585
2009-04-09,98.356163540563
2009-04-16,102.054490962099
2009-04-23,74.3466257419592
2009-04-30,59.5052474745841
2009-05-07,45.0439358521533
2009-05-14,11.9894929779449
2009-05-21,20.5416111701521
2009-05-28,9.27293284782195
2009-06-04,28.7823027657544
2009-06-11,23.6074936139598
2009-06-18,48.7976110859925
2009-06-25,76.7764210304135
2009-07-02,42.0702925765799
2009-07-09,40.4072135704651
2009-07-16,135.494871724077
2009-07-23,124.417572902032
2009-07-30,130.411980469219
2009-08-06,105.644565169284
2009-08-13,61.1134191193493
2009-08-20,42.7758168356633
2009-08-27,76.686274997007
2009-09-03,76.6559384997807
2009-09-10,89.8943436432529
2009-09-17,61.3211854478778
2009-09-24,38.3703949406712
2009-10-01,4.28598629582181
2009-10-08,-28.4386926569402
2009-10-15,29.4292929858452
2009-10-22,74.0884649205682
2009-10-29,98.8083138719544
2009-11-05,76.8012321264129
2009-11-12,105.849400032713
2009-11-19,109.198980014918
2009-11-26,126.5972694328
2009-12-03,148.430893957409
2009-12-10,164.232256250471
2009-12-17,149.57686717078
2009-12-24,121.462346839079
2009-12-31,101.634549853331
2010-01-07,76.9581437930678
2010-01-14,48.7483788116692
2010-01-21,76.8068566831406
2010-01-28,67.8570319155808
2010-02-04,61.3086444373767
2010-02-11,42.0419027253669
2010-02-18,47.1751745129526
2010-02-25,50.509887482503
2010-03-04,40.5086630485791
2010-03-11,12.671192841905
2010-03-18,15.0427026719704
2010-03-25,45.8211689067522
2010-04-01,103.561944840613
2010-04-08,149.080837022953
2010-04-15,231.003193527028
2010-04-22,259.439204098228
2010-04-29,230.815150689046
2010-05-06,145.334992211993
2010-05-13,118.746664439393
2010-05-20,120.345249741261
2010-05-27,73.737113621444
2010-06-03,113.220494304862
2010-06-10,87.2229337235795
2010-06-17,43.5976295262576
2010-06-24,51.650187718448
2010-07-01,44.7196187742643
2010-07-08,25.2587048898766
2010-07-15,44.5020027269205
2010-07-22,19.2794663807898
2010-07-29,24.3733045269106
2010-08-05,29.5168081683085
2010-08-12,27.8798809101884
2010-08-19,27.3092635097928
2010-08-26,14.7552825709331
2010-09-02,11.9459506665606
2010-09-09,6.18738821206759
2010-09-16,41.1860459782437
2010-09-23,8.84657279294478
2010-09-30,34.6826626553763
2010-10-07,45.6069949665672
2010-10-14,11.2508703676662
2010-10-21,-30.5985518842222
2010-10-28,-23.3519354650546
2010-11-04,27.0877722334111
2010-11-11,21.02328557829
2010-11-18,72.5426242599767
2010-11-25,127.337296913971
2010-12-02,99.5310831085039
2010-12-09,44.4136266140379
2010-12-16,19.3190107521888
2010-12-23,20.8866578951541
2010-12-30,-6.87978607168739
2011-01-06,17.3326934735557
2011-01-13,100.842289569491
2011-01-20,55.8829654682336
2011-01-27,37.5131565745905
2011-02-03,33.0752219908679
2011-02-10,39.7915048492638
2011-02-17,62.141887708492
2011-02-24,68.9994804265171
2011-03-03,40.7680592035599
2011-03-10,4.10953569823701
2011-03-17,46.4427399057448
2011-03-24,57.6853070176662
2011-03-31,73.3474733421518
2011-04-07,144.275597232189
2011-04-14,205.063824614978
2011-04-21,182.408634761018
2011-04-28,134.137419882537
2011-05-05,73.0007897285943
2011-05-12,56.0826594950417
2011-05-19,42.1412459811311
2011-05-26,27.8573136867654
2011-06-02,31.6241257802593
2011-06-09,36.408190977764
2011-06-16,27.2237085257115
2011-06-23,13.6888858652478
2011-06-30,38.5056210516511
2011-07-07,8.54666851410977
2011-07-14,26.9783095454924
2011-07-21,32.9304376932367
2011-07-28,12.6591683531367
2011-08-04,-13.3738955180057
2011-08-11,31.6502796947737
2011-08-18,37.8659343774017
2011-08-25,39.8424811785384
2011-09-01,36.964352504496
2011-09-08,48.0365923765589
2011-09-15,59.7913315804389
2011-09-22,70.1024695763089
2011-09-29,61.9687016966121
2011-10-06,48.2629580442925
2011-10-13,33.8013538294653
2011-10-20,18.6161637291495
2011-10-27,67.0315952462311
2011-11-03,70.6889785192372
2011-11-10,70.8940781733406
2011-11-17,24.3207256927726
2011-11-24,4.18551803733824
2011-12-01,-12.4868268260269
2011-12-08,-12.1373213505437
2011-12-15,29.1257776895447
2011-12-22,91.9200393418186
2011-12-29,74.7412318926105
2012-01-05,122.305672579291
2012-01-12,159.753830456122
2012-01-19,127.772693554414
2012-01-26,119.348030421859
2012-02-02,99.2491509248276
2012-02-09,77.281335602027
2012-02-16,54.1587465905709
2012-02-23,51.8077503340907
2012-03-01,94.1480114597011
2012-03-08,97.3235804266538
2012-03-15,64.8786958662328
2012-03-22,40.768188655235
2012-03-29,32.326700247092
2012-04-05,3.7836729536981
2012-04-12,43.6077336323966
2012-04-19,56.7083186482366
2012-04-26,99.1999200417937
2012-05-03,75.7600825652051
2012-05-10,77.372450341094
2012-05-17,113.303986223377
2012-05-24,90.9354873574102
2012-05-31,15.9067116292224
2012-06-07,32.708261250004
2012-06-14,62.8861348725003
2012-06-21,54.3140588683142
2012-06-28,70.9984485297261
2012-07-05,88.9025672954334
2012-07-12,66.0299313046002
2012-07-19,94.2551852166657
2012-07-26,102.915847236119
2012-08-02,78.0921457310394
2012-08-09,59.1130704176237
2012-08-16,60.4635162442484
2012-08-23,25.916213265881
2012-08-30,40.0262242407916
2012-09-06,92.7446174501197
2012-09-13,39.7094155591721
2012-09-20,45.4604669342408
2012-09-27,78.4425570102123
2012-10-04,151.103108088815
2012-10-11,114.746928991865
2012-10-18,120.793854050584
2012-10-25,193.497147808526
2012-11-01,139.282590841417
2012-11-08,155.614145138639
2012-11-15,111.489625617209
2012-11-22,79.5885591234835
2012-11-29,134.407406683724
2012-12-06,127.14177253377
2012-12-13,97.1671055914914
2012-12-20,104.607231827598
2012-12-27,102.477956557288
2013-01-03,80.8457479759298
2013-01-10,98.3009860553229
2013-01-17,109.792537864902
2013-01-24,78.6168299467125
2013-01-31,74.3833983768055
2013-02-07,83.1145714439757
2013-02-14,56.5529361319691
2013-02-21,74.8346829985561
2013-02-28,65.4689523447073
2013-03-07,33.2072208516399
2013-03-14,57.3151698676421
2013-03-21,80.5026057781518
2013-03-28,49.4939940509196
2013-04-04,39.3760831834023
2013-04-11,27.1778494095709
2013-04-18,104.319535069332
2013-04-25,202.137830971355
2013-05-02,163.707345772444
2013-05-09,105.157069158324
2013-05-16,78.0634318350835
2013-05-23,71.9414864018077
2013-05-30,44.4631302877117
2013-06-06,18.7249396162258
2013-06-13,42.8064657354689
2013-06-20,29.8296031249227
2013-06-27,26.9221388877947
2013-07-04,20.4631506644583
2013-07-11,23.1879299831258
2013-07-18,6.45070371322367
2013-07-25,-22.7739943594186
2013-08-01,33.3723667113771
2013-08-08,20.6708310716801
2013-08-15,4.27356588905298
2013-08-22,23.6374244265254
2013-08-29,20.0040049082342
2013-09-05,-2.84922355554148
2013-09-12,33.0077111096178
2013-09-19,25.2598259040875
2013-09-26,-34.5770538182791
2013-10-03,-25.8178195700162
2013-10-10,-34.355843300927
2013-10-17,-15.8054938750485
2013-10-24,-12.1887596096051
2013-10-31,-12.070958190744
2013-11-07,6.25205881948812
2013-11-14,5.18692954481216
2013-11-21,-10.5938107015752
2013-11-28,-4.54088635504545
2013-12-05,-43.7889667756323
2013-12-12,-7.53756757793181
2013-12-19,-1.23834833286023
2013-12-26,27.7543434690382
2014-01-02,82.7758568885993
2014-01-09,118.084011116562
2014-01-16,117.457257029643
2014-01-23,140.985200904671
2014-01-30,109.658843788482
2014-02-06,77.6185777408211
2014-02-13,104.729133345344
2014-02-20,132.351221821588
2014-02-27,170.323055888652
2014-03-06,188.352913478417
2014-03-13,121.885004549975
2014-03-20,128.67013657437
2014-03-27,156.156071307881
2014-04-03,113.435529748358
2014-04-10,111.249919417562
2014-04-17,120.833217167892
2014-04-24,110.81443185322
2014-05-01,77.8731258399642
2014-05-08,49.567644887066
2014-05-15,104.489131856682
2014-05-22,78.0759532586573
2014-05-29,40.5631377245582
2014-06-05,13.8213900689369
2014-06-12,38.9269314926413
2014-06-19,8.95984212915732
2014-06-26,-3.97786200225948
2014-07-03,35.396994194878
2014-07-10,36.7650882253543
2014-07-17,37.9940593906781
2014-07-24,15.8003642368341
2014-07-31,20.8167644271019
2014-08-07,37.6360286781252
2014-08-14,12.4456674325091
2014-08-21,7.63224322474149
2014-08-28,-9.56754418068403
2014-09-04,15.5589396024365
2014-09-11,26.4340701238482
2014-09-18,17.3063926671327
2014-09-25,2.77825033447138
2014-10-02,-13.8646843989104
2014-10-09,42.8782328413441
2014-10-16,40.5334370374214
2014-10-23,80.2763565200166
2014-10-30,74.0984557004884
2014-11-06,102.1246279579
2014-11-13,122.630738214495
2014-11-20,157.883211305274
2014-11-27,94.7304205862903
2014-12-04,84.652673068463
2014-12-11,46.3784155696211
2014-12-18,50.5156783543166
2014-12-25,50.6508483222938
2015-01-01,39.9192694610105
2015-01-08,23.5006283843707
2015-01-15,48.0669644697977
2015-01-22,114.041028199869
2015-01-29,93.250194470431
2015-02-05,116.561377151427
2015-02-12,92.5484820738623
2015-02-19,104.235762298171
2015-02-26,121.722579503985
2015-03-05,140.435712921575
2015-03-12,120.031232502111
2015-03-19,142.403532055207
2015-03-26,106.564120205494
2015-04-02,142.733591855818
2015-04-09,91.026317526896
2015-04-16,36.5291483450203
2015-04-23,37.2052541595977
2015-04-30,30.5680681118278
2015-05-07,67.0621041289062
2015-05-14,48.8727082723683
2015-05-21,62.664805521113
2015-05-28,75.3071467080685
2015-06-04,113.514175974012
2015-06-11,92.7412720105447
2015-06-18,61.9459938109283
2015-06-25,84.677274053207
2015-07-02,39.4513212702417
2015-07-09,47.9365229886054
2015-07-16,51.9692290250088
2015-07-23,50.8184350179242
2015-07-30,69.0914136742916
2015-08-06,76.6429387254947
2015-08-13,59.5542121229291
2015-08-20,59.7275643742367
2015-08-27,32.3378308827916
2015-09-03,33.7878901265785
2015-09-10,17.3013692246636
2015-09-17,76.423966989961
2015-09-24,59.181894326546
2015-10-01,48.788270957863
2015-10-08,41.9445734035367
2015-10-15,44.4211677084521
2015-10-22,41.3032542927316
2015-10-29,9.80091301546194
2015-11-05,6.29904929423133
2015-11-12,21.2764140949198
2015-11-19,23.6013654313055
2015-11-26,13.6602335296358
2015-12-03,8.61292060368138
2015-12-10,18.083620359642
2015-12-17,26.9748651746837
2015-12-24,25.6433909835767
2015-12-31,26.9081088279971
2016-01-07,88.7043242667571
2016-01-14,88.8172725278017
2016-01-21,40.5802251345051
2016-01-28,47.9729151330495
2016-02-04,61.8480729299758
2016-02-11,98.5531824896026
2016-02-18,96.5322905526112
2016-02-25,107.032316707966
2016-03-03,78.6771635295646
2016-03-10,109.322036782144
2016-03-17,84.3276417189687
2016-03-24,82.4863571057674
2016-03-31,76.0019812112174
2016-04-07,56.4952685141648
2016-04-14,91.4981959596944
2016-04-21,78.4529512571098
2016-04-28,87.9798289653917
2016-05-05,119.767962331985
2016-05-12,57.7629721045484
2016-05-19,33.0391675510597
2016-05-26,48.0184236052656
2016-06-02,54.8923103265033
2016-06-09,17.6587534779592
2016-06-16,28.2288037614742
2016-06-23,24.8970633656259
2016-06-30,45.4260457770207
2016-07-07,21.427279430434
2016-07-14,25.1254221150849
2016-07-21,32.2455040701261
2016-07-28,13.4578787605111
2016-08-04,24.6154242305614
2016-08-11,33.3882878611864
2016-08-18,-29.125518179049
2016-08-25,16.1224549404849
2016-09-01,3.06816863600885
2016-09-08,6.08007890466053
2016-09-15,26.3788748201238
2016-09-22,31.1596767250935
2016-09-29,16.2406737069666
2016-10-06,13.8691749941079
2016-10-13,86.3761266815183
2016-10-20,74.0779548638153
2016-10-27,101.881074652418
2016-11-03,4.13061165785398
2016-11-10,58.8029817654897
2016-11-17,7.81935360963798
2016-11-24,41.0256304656153
2016-12-01,-7.2100252770663
2016-12-08,-20.71358957735
2016-12-15,15.5410943728804
2016-12-22,4.19255882270453
2016-12-29,7.18708989682511
2017-01-05,32.4604453173313
2017-01-12,35.0781970417779
2017-01-19,41.376191521984
2017-01-26,33.3911057522538
2017-02-02,56.6074262453151
2017-02-09,73.3145538331843
2017-02-16,38.2556824518431
2017-02-23,17.7311245949748
2017-03-02,40.4168852820931
2017-03-09,118.218610341653
2017-03-16,56.0077579751433
2017-03-23,55.3724369249139
2017-03-30,27.5033345848665
2017-04-06,45.1826635703792
2017-04-13,7.69262982531799
2017-04-20,27.8948572407913
2017-04-27,9.45525540928697
2017-05-04,48.3336042431415
2017-05-11,52.1580771233793
2017-05-18,64.8010850977487
2017-05-25,26.3961663147902
2017-06-01,23.3523045427423
2017-06-08,34.1806478046552
2017-06-15,10.0460640179895
2017-06-22,20.9553281088003
2017-06-29,10.3040341586692
2017-07-06,35.1049155117178
2017-07-13,28.5601562171984
2017-07-20,8.50254642670306
2017-07-27,25.4140275858073
2017-08-03,14.6993819601756
2017-08-10,9.95983901334364
2017-08-17,21.0275956786321
2017-08-24,10.4097257851879
2017-08-31,20.7406246161002
2017-09-07,37.2250703239933
2017-09-14,30.2291148147279
2017-09-21,13.8015989106678
2017-09-28,60.8473480378663
2017-10-05,38.3631611281313
2017-10-12,-7.44023718822023
2017-10-19,37.6159734600841
2017-10-26,86.4813739861353
2017-11-02,38.231915029629
2017-11-09,56.0397615083074
2017-11-16,60.5796195592706
2017-11-23,40.6818849446568
2017-11-30,147.244396191701
2017-12-07,134.432917536626
2017-12-14,123.29459037583
2017-12-21,117.216621646372
2017-12-28,103.551071063183
2018-01-04,172.172198912189
2018-01-11,146.149341077065
2018-01-18,133.965592571661
2018-01-25,99.3518597712994
2018-02-01,126.856823891041
2018-02-08,135.639493076351
2018-02-15,100.424336111582
2018-02-22,90.6203788512975
2018-03-01,94.9629872821535
2018-03-08,85.6245538861497
2018-03-15,69.3290233723579
2018-03-22,47.5959163254383
2018-03-29,51.0268596558953
2018-04-05,76.1656025385617
2018-04-12,137.373842728572
2018-04-19,171.133125653018
2018-04-26,151.552909543191
2018-05-03,151.079886039827
2018-05-10,118.734018780493
2018-05-17,103.417093921732
2018-05-24,9.33763898146942
2018-05-31,40.0569737950517
2018-06-07,13.0618176962399
2018-06-14,30.4845039252473
2018-06-21,28.3289778691135
2018-06-28,25.7364316435782
2018-07-05,-11.0708927399863
2018-07-12,0.830046446647941
2018-07-19,24.3344798368715
2018-07-26,25.2493717238529
2018-08-02,24.3404050712186
2018-08-09,15.9253465975439
2018-08-16,13.8510608447786
2018-08-23,0.300016214619181
2018-08-30,34.2445401365468
2018-09-06,1.68781155814102
2018-09-13,16.9732865104009
2018-09-20,-1.68757470078408
2018-09-27,-20.5008264879365
2018-10-04,-30.3340884427958
2018-10-11,-48.8998771815816
2018-10-18,2.93765870943191
2018-10-25,-19.4295741453255
2018-11-01,33.4154390903333
2018-11-08,57.6226491753235
2018-11-15,67.4944074481987
2018-11-22,30.9674634707725
2018-11-29,-4.67161419140265
2018-12-06,-0.233056053940718
2018-12-13,29.372281690377
2018-12-20,59.4521235006473
2018-12-27,40.8861594555494
2019-01-03,15.3417782205047
2019-01-10,38.2582645982931
2019-01-17,16.707818875134
2019-01-24,29.1379576554794
2019-01-31,57.0066072798719
2019-02-07,28.432854386544
2019-02-14,54.752955599395
2019-02-21,94.9360202327387
2019-02-28,95.5295781618818
2019-03-07,97.7309622813251
2019-03-14,94.8150752084668
2019-03-21,137.44453107923
2019-03-28,130.78182325529
2019-04-04,93.3089907600733
2019-04-11,84.3864150493211
2019-04-18,81.4768149597943
2019-04-25,68.3517213881488
2019-05-02,83.7254126024139
2019-05-09,20.5232605806574
2019-05-16,57.785023151614
2019-05-23,50.7602996486842
2019-05-30,15.6052497393953
2019-06-06,35.5592779579396
2019-06-13,27.9516198663074
2019-06-20,40.2762005466267
2019-06-27,44.910678308203
2019-07-04,28.0412676464765
2019-07-11,-12.0712812049816
2019-07-18,11.4114850703446
2019-07-25,24.3344382707123
2019-08-01,-2.78431487288791
2019-08-08,11.5800425210781
2019-08-15,20.6546012598854
2019-08-22,34.223077705629
2019-08-29,36.9181649610387
2019-09-05,35.9115794270654
2019-09-12,53.4908033164573
2019-09-19,7.37046423313462
2019-09-26,-7.1982019485322
2019-10-03,30.9839916098277
2019-10-10,22.2615376791974
2019-10-17,55.8178140606708
2019-10-24,99.6808867584847
2019-10-31,94.4166441951459
2019-11-07,110.494621721133
2019-11-14,82.3109237994414
2019-11-21,133.01033819973
2019-11-28,159.581462206498
2019-12-05,158.46970557994
2019-12-12,174.200488236772
2019-12-19,253.314302635644
2019-12-26,249.426782489763
2020-01-02,167.877723366352
2020-01-09,100.703831285813
2020-01-16,79.7764450998585
2020-01-23,56.167592871366
2020-01-30,66.5090497004091
2020-02-06,88.0617385143691
2020-02-13,59.0832184416095
2020-02-20,54.0986890195259
2020-02-27,79.1728621291984
2020-03-05,120.441885297811
2020-03-12,131.41318451585
2020-03-19,88.0876574191984
2020-03-26,81.4041821101503
2020-04-02,62.5658993995708
2020-04-09,20.0578194691103
2020-04-16,-1.37118776651527
2020-04-23,12.1707280765382
2020-04-30,42.1748197675022
2020-05-07,53.8077506912675
2020-05-14,15.8254935281996
2020-05-21,4.90529574117364
2020-05-28,45.266732739563
2020-06-04,6.29054543934535
2020-06-11,38.0829426423022
2020-06-18,14.2987346169081
2020-06-25,26.9685585746104
2020-07-02,23.5005814832001
2020-07-09,21.6223588787797
2020-07-16,31.0246212799256
2020-07-23,17.1333177438433
2020-07-30,25.1657374834251
2020-08-06,10.331632213306
2020-08-13,27.4985407047504
2020-08-20,6.1134963737321
2020-08-27,4.20583547924069
2020-09-03,13.9398876735805
2020-09-10,25.5270054277345
2020-09-17,-13.2455413164975
2020-09-24,-36.3969071355828
2020-10-01,26.9518441853757
2020-10-08,67.1830825997702
2020-10-15,21.1495521659269
2020-10-22,-4.14598152750675
2020-10-29,39.0632361738475
2020-11-05,82.1221211077423
2020-11-12,53.6308392186295
2020-11-19,78.006032337836
2020-11-26,-9.37361278014929
2020-12-03,27.6923476003552
2020-12-10,112.737079424085
2020-12-17,107.062950391494
2020-12-24,97.111210672858
2020-12-31,110.796935811675
2021-01-07,154.591324143468
2021-01-14,116.027192363088
2021-01-21,96.2232615905155
2021-01-28,123.721792177771
2021-02-04,98.4554650536393
2021-02-11,80.4884524710731
2021-02-18,57.3948576648481
2021-02-25,90.2497854119045
2021-03-04,89.9955373233291
2021-03-11,66.3688292288281
2021-03-18,110.058500305356
2021-03-25,67.315278528171
2021-04-01,47.9580980617781
2021-04-08,9.82798217855422
2021-04-15,41.1646867682183
2021-04-22,103.839050863191
2021-04-29,35.0073202622776
2021-05-06,84.0789645365836
2021-05-13,67.473795723793
2021-05-20,118.832426658835
2021-05-27,95.1735734091601
2021-06-03,136.154289698598
2021-06-10,90.3524960255926
2021-06-17,72.1008792631544
2021-06-24,40.7547123517212
2021-07-01,27.0161648031329
2021-07-08,35.6892233953823
2021-07-15,34.0256858820457
2021-07-22,15.5251463957253
2021-07-29,41.1870642875046
2021-08-05,-3.631755442923
2021-08-12,45.0640985193046
2021-08-19,37.5608511988269
2021-08-26,62.1507051346991
2021-09-02,64.9490664564576
2021-09-09,39.2077955063952
2021-09-16,48.9460656487846
2021-09-23,85.1633470633621
2021-09-30,44.0584563542236
2021-10-07,83.7666504827592
2021-10-14,98.3581630289262
2021-10-21,50.4952201474235
2021-10-28,28.6383413982894
2021-11-04,69.9134523171664
2021-11-11,63.3073767483954
2021-11-18,65.7148525175896
2021-11-25,11.3876159451117
2021-12-02,51.7421161574837
2021-12-09,68.3324653364654
2021-12-16,75.8802500557023
2021-12-23,31.5817585064185
2021-12-30,52.2748794811968
2022-01-06,68.8956956246636
2022-01-13,71.9699107973963
2022-01-20,31.0250805588907
2022-01-27,36.6856470985438
2022-02-03,56.768673423353
2022-02-10,78.7981111835259
2022-02-17,60.342882199508
2022-02-24,88.3791498959842
2022-03-03,97.8587288145982
2022-03-10,89.7873053885863
2022-03-17,75.029770523682
2022-03-24,59.9913863687992
2022-03-31,5.30824355805436
2022-04-07,6.24501982708045
2022-04-14,41.7337570445261
2022-04-21,89.6347352926513
2022-04-28,64.8812294448491
2022-05-05,25.797839714472
2022-05-12,22.9829127596905
2022-05-19,-5.90783722583529
2022-05-26,50.5250970184695
2022-06-02,11.1438575183079
2022-06-09,32.9587945873774
2022-06-16,23.3302028291101
2022-06-23,33.5431963169571
2022-06-30,31.9327342683004
2022-07-07,21.4922918449945
2022-07-14,24.2505237374215
2022-07-21,6.54830797492482
2022-07-28,3.67633737563729
2022-08-04,11.4859269753438
2022-08-11,15.5603921868671
2022-08-18,30.2786003528699
2022-08-25,4.75507827602733
2022-09-01,7.86585373090764
2022-09-08,5.24049602060823
2022-09-15,36.1383697914618
2022-09-22,-36.404050493028
2022-09-29,16.7599716842941
2022-10-06,5.4800712199541
2022-10-13,-25.4417495968445
2022-10-20,-21.233508735871
2022-10-27,-7.65882385342733
2022-11-03,-12.8720399288983
2022-11-10,21.0382443802454
2022-11-17,13.5313681000495
2022-11-24,98.3769374936191
2022-12-01,82.5068310302585
2022-12-08,76.1671954388424
2022-12-15,9.3942145703872
2022-12-22,10.4390205342362
2022-12-29,52.984847508454
2023-01-05,86.5307975378982
2023-01-12,154.715091494834
2023-01-19,223.42982470236
2023-01-26,199.766410226348
2023-02-02,137.848283306312
2023-02-09,104.558774608768
2023-02-16,74.8711317770412
2023-02-23,76.3740889983655
2023-03-02,87.3420153873671
2023-03-09,62.0872613253533
2023-03-16,65.8203555865217
2023-03-23,91.9457983858805
2023-03-30,119.298724248481
2023-04-06,141.480706855916
2023-04-13,133.216193091558
2023-04-20,124.709276101922
2023-04-27,77.1872207613301
2023-05-04,48.1993170653468
2023-05-11,78.3079019430733
2023-05-18,65.451641550587
2023-05-25,35.090490652244
2023-06-01,18.5352059637405
2023-06-08,15.3718498249046
2023-06-15,36.0560426838966
2023-06-22,12.1077627538044
2023-06-29,37.046555772673
2023-07-06,9.88191627104664
2023-07-13,31.2754818436134
2023-07-20,11.8439379478236
2023-07-27,36.6498075760246
2023-08-03,31.3557907157026
2023-08-10,107.683606120618
2023-08-17,211.595215672118
2023-08-24,208.955584647019
2023-08-31,181.765969641674
2023-09-07,184.555403309771
2023-09-14,120.336170072254
2023-09-21,77.0121716797116
2023-09-28,60.9873884991069
2023-10-05,29.9588270720587
2023-10-12,-20.7025997955139
2023-10-19,-48.7034233250738
2023-10-26,84.5761817567684
2023-11-02,71.9132805044284
2023-11-09,173.303387823378
2023-11-16,210.933086935957
2023-11-23,163.991128767059
2023-11-30,102.32200211867
2023-12-07,93.4460028870792
2023-12-14,108.496221323685
2023-12-21,71.9900809327818
2023-12-28,117.776182599828
2024-01-04,123.105532133073
2024-01-11,98.175572402826
2024-01-18,66.7985611562625
2024-01-25,85.2203529226472
2024-02-01,117.186855857394
2024-02-08,129.284676493513
2024-02-15,125.96305489949
2024-02-22,178.604617368827
2024-02-29,213.553040480118
2024-03-07,214.089249248397
2024-03-14,167.67701374051
2024-03-21,173.67511702155
2024-03-28,189.523787454134
2024-04-04,187.36153986278
2024-04-11,177.99294634295
2024-04-18,135.827882547637
2024-04-25,128.381110272558
2024-05-02,134.721218919823
2024-05-09,120.340873767036
2024-05-16,68.5317769573092
2024-05-23,51.1900981657873
2024-05-30,39.1046767914131
2024-06-06,13.6815167250707
2024-06-13,38.1454294004255
2024-06-20,22.048269866061
2024-06-27,29.5460966707904
2024-07-04,22.5104355489712
2024-07-11,31.0428902231203
2024-07-18,29.4540724957455
2024-07-25,30.9657640582983
2024-08-01,29.8728661599671
2024-08-08,47.3752068700646
2024-08-15,17.8088731323466
2024-08-22,44.2950399654588
2024-08-29,57.5855818988066
2024-09-05,31.1210628400682
2024-09-12,50.2980995544085
2024-09-19,17.9988170455384
2024-09-26,20.046424837687
2024-10-03,14.0961716427555
2024-10-10,30.3899558507827
2024-10-17,40.3700105029625
2024-10-24,12.1241587460686
2024-10-31,-10.896520773611
