"date","wind_speed","wind_dir","precip"
2000-01-06,2.94453833342664,159.853048366585,2.95128491951876e-05
2000-01-13,5.32095699993714,232.218275673994,3.32253474497708e-05
2000-01-20,4.26646357086432,303.107383011671,1.56846917960271e-05
2000-01-27,3.3926756102298,297.132789693803,7.48718527660901e-06
2000-02-03,3.91808546482264,255.828755040878,7.93340394648942e-05
2000-02-10,4.11168164720554,262.976993936661,2.13638385035916e-05
2000-02-17,4.21842767772545,241.821431923098,2.20735892072495e-05
2000-02-24,1.789842678855,285.634018345029,3.46488426311392e-06
2000-03-02,4.70714848712313,226.079735012773,8.54359556832389e-05
2000-03-09,4.82358182184191,262.564037671954,9.74446637303374e-05
2000-03-16,3.75789208771373,291.220383288696,2.82491049760539e-05
2000-03-23,3.2273067666623,300.243398063322,7.60015202847734e-06
2000-03-30,2.96618243322143,278.951464072995,5.20331705575118e-07
2000-04-06,3.20224401494869,274.628759035475,4.67785049782213e-05
2000-04-13,2.97464697351142,292.576648980947,9.84351196962099e-06
2000-04-20,3.07099575656425,239.244474335652,9.21939919250615e-05
2000-04-27,2.68534892195991,265.514560035765,3.69926174628358e-05
2000-05-04,2.57419786699745,241.97047319332,4.3370674630192e-05
2000-05-11,2.7109992089027,270.482243284616,3.25549639475177e-06
2000-05-18,3.51937613450167,270.8989064789,1.47769640069815e-07
2000-05-25,2.4900112730712,242.000447770084,0.000128528207207816
2000-06-01,4.46439922956231,204.796130891415,0.000151475291855018
2000-06-08,3.64055306518982,285.148549787798,0.000121661197988181
2000-06-15,4.98362242386664,245.891297515488,2.54180897095344e-05
2000-06-22,3.30445573813626,258.225465458035,4.53013791166697e-05
2000-06-29,2.46864001292166,233.344172738716,0.000128274317285688
2000-07-06,2.8491623445082,313.652642043204,0.000153144118871255
2000-07-13,2.4981535688535,233.616327572642,0.000234039153452877
2000-07-20,2.87308923652817,277.427328959521,0.000251650555961326
2000-07-27,3.08539908971579,285.334055146632,0.000258438830778143
2000-08-03,1.94411019673567,316.838069021274,6.14852926696913e-05
2000-08-10,3.21181217170272,274.026773132476,1.62957392265878e-05
2000-08-17,2.40386312089682,237.035759987224,7.15883999529496e-05
2000-08-24,3.08224085762497,246.549753281596,4.04072942806752e-05
2000-08-31,2.60732231953518,212.375075898044,4.45163172450996e-05
2000-09-07,2.73748144681433,269.584954026958,8.45168171112189e-05
2000-09-14,3.90050418721653,275.398064823197,2.81937626784214e-05
2000-09-21,2.39077336046736,237.362321813059,3.16535120891742e-06
2000-09-28,2.06148532835042,237.120926689745,1.4001030761864e-06
2000-10-05,3.56809371665462,170.805722678223,6.62624169797614e-05
2000-10-12,3.89733805667693,137.394533430608,5.04430779441332e-05
2000-10-19,2.82515877050084,184.489890137146,8.44386532475525e-05
2000-10-26,3.37116724300318,200.538497057919,8.24936852823036e-05
2000-11-02,3.71640235658358,255.441439326027,0.000185173616260844
2000-11-09,3.40473260324607,171.423835518336,0.000139695370007411
2000-11-16,2.60031465394626,185.380939446331,6.1764856853608e-05
2000-11-23,3.64008034493309,215.935114274205,0.000173522636261329
2000-11-30,2.7711660753817,151.890466950473,0.000148687067024812
2000-12-07,3.65195976540949,216.962713932719,4.25188596779725e-05
2000-12-14,3.50470317409068,202.638061301716,0.000133650507704151
2000-12-21,2.71814633118958,278.339900322895,6.10956144296605e-05
2000-12-28,2.53300815916988,274.356300213503,6.97940543235221e-06
2001-01-04,3.14944662231911,269.582494160194,0.000220282876190698
2001-01-11,3.28192082771412,214.986977714904,9.97056860875435e-05
2001-01-18,2.80277847613027,280.447693013806,1.86698574898146e-06
2001-01-25,2.49159749632594,233.164840605456,6.63035423149092e-05
2001-02-01,2.11007159441447,265.857438822745,2.54114447669893e-05
2001-02-08,3.28669520067385,335.494017886729,5.37912003500456e-05
2001-02-15,3.90136098410119,254.404794426034,0.000100827449735458
2001-02-22,4.3934543371331,292.468139244873,3.27661894690854e-05
2001-03-01,3.09278514541248,360.482672082886,2.95478990874714e-05
2001-03-08,3.99952423586186,290.539733138318,3.52832793083449e-05
2001-03-15,2.96779037340677,186.607938909108,5.70283571139652e-05
2001-03-22,3.04029414161005,359.252027316613,2.65591496905742e-05
2001-03-29,2.39657233416529,275.484772845675,1.19062594332984e-05
2001-04-05,4.16647603900673,207.84579015584,6.10437521479868e-05
2001-04-12,3.50920483680239,224.99973429189,5.96413510632776e-05
2001-04-19,3.7602446840382,284.97373058685,4.86846995393554e-05
2001-04-26,2.97821491269691,316.917408084191,6.288794101835e-05
2001-05-03,3.01678953254556,201.608431505706,2.39964660940764e-05
2001-05-10,3.05202381892749,316.325968553474,2.91745019376748e-05
2001-05-17,2.24022622473238,242.675238634754,1.57919480889697e-05
2001-05-24,3.43781064570911,255.504020884804,8.04564734410889e-05
2001-05-31,3.20592835284556,320.790235058385,1.85700228834554e-05
2001-06-07,2.55666916655595,246.945808645189,1.78051483008197e-05
2001-06-14,3.6216554816864,251.120937403256,7.48987516535922e-05
2001-06-21,2.79778088092795,329.031255712849,8.1751965026067e-05
2001-06-28,3.11714594429336,340.589818890517,4.63248295526418e-05
2001-07-05,3.00703126220312,226.791333026143,4.01963997004035e-05
2001-07-12,2.64211100212725,214.655532001072,0.000169660659477831
2001-07-19,3.19332971391868,257.360877591975,0.000167006002267594
2001-07-26,1.99733909846563,235.102522908526,7.32613068893269e-05
2001-08-02,3.12092740575818,273.424375847187,8.90336024967217e-06
2001-08-09,2.92915383057174,214.591479000683,0.000176547675118603
2001-08-16,3.66022557965554,231.452230643836,9.63875610995627e-05
2001-08-23,2.69194271915307,239.22878867616,2.04417252280141e-05
2001-08-30,2.1628152543871,224.061541664081,0.000242473889787403
2001-09-06,2.43582455123668,214.316079585308,0.000117228624753044
2001-09-13,3.21228348570077,313.754650452359,0.000175522601680004
2001-09-20,3.46621849695142,291.065817460947,0.000140427200095451
2001-09-27,2.99984853017578,304.724704022403,4.99149448855269e-05
2001-10-04,3.85748181430144,239.123691795741,5.31741124288029e-05
2001-10-11,3.46008650439352,212.059513979782,0.000142595261862059
2001-10-18,3.22239162766202,243.746462364966,5.93339862515504e-05
2001-10-25,2.10075835264231,273.833299989903,1.88034943644783e-06
2001-11-01,3.85135162119437,228.230539065155,0.000222701135031971
2001-11-08,4.10497307428792,272.739531010819,3.08575404591784e-05
2001-11-15,4.47817301040845,286.950499543705,4.29524637155327e-05
2001-11-22,4.65675818413007,272.297301803771,1.20281048190215e-05
2001-11-29,3.8326821576043,224.45522723509,5.16215663849124e-05
2001-12-06,3.56002346386992,147.113675168416,3.22049145954967e-05
2001-12-13,2.29967134518866,283.620376761389,2.39823163073473e-05
2001-12-20,3.63739647785432,302.14148136255,1.02405150955749e-05
2001-12-27,3.93987410058964,278.275531491287,0.000109207267876154
2002-01-03,4.00962978177445,327.031467459074,6.6234388015019e-05
2002-01-10,3.39558978264222,272.346796550856,3.38843691107285e-06
2002-01-17,4.54466598049641,242.142730723251,3.60354554643849e-06
2002-01-24,2.88125191270613,231.340055631769,0.000131526557020619
2002-01-31,3.92792572399904,262.603612146566,0.000184064461688416
2002-02-07,3.95838972443021,202.823086656426,0.000101076311610783
2002-02-14,3.64654321204837,252.530293148195,0.000106757654285555
2002-02-21,4.24479293859486,272.926166158497,3.14229933095887e-05
2002-02-28,4.20963214660269,244.96260560997,0.000118165074616791
2002-03-07,3.76677288305272,269.567329730565,0.000137607659106249
2002-03-14,4.82675200902318,267.652347285364,4.985380576633e-05
2002-03-21,2.80231936930206,220.554681923529,4.76046831761998e-05
2002-03-28,3.89538376971924,304.692889685759,4.10581469193589e-05
2002-04-04,2.74280283484904,230.778308012932,1.71325461804418e-08
2002-04-11,2.51314981841152,250.864199831964,9.18494836850406e-07
2002-04-18,3.16162107107086,282.669299018207,3.75297942144944e-06
2002-04-25,2.69792943572889,246.958192891164,3.59783469771218e-06
2002-05-02,4.04320334820121,164.163621784551,7.3731816100056e-05
2002-05-09,2.79758317512661,315.008450999801,0.000103785157523399
2002-05-16,3.23823108567437,228.087433606505,4.94940222966435e-07
2002-05-23,3.13211550470235,250.603938270417,6.00448153188156e-05
2002-05-30,3.43431383525133,237.237932582883,1.45360136252515e-05
2002-06-06,2.47209799230805,229.546182137899,4.8589804581533e-06
2002-06-13,2.5801924509645,184.190374568942,4.34129202109298e-05
2002-06-20,3.7189439859979,260.24339231437,0.000192417529759081
2002-06-27,3.24768022102492,260.451463520434,0.00020577044588982
2002-07-04,3.20677284829608,213.930277463386,0.000179037011192831
2002-07-11,3.12990383076875,219.481203179276,0.000154681193182319
2002-07-18,2.09882162882739,251.599726868187,3.17180538271259e-05
2002-07-25,2.64253963741776,258.640418003738,0.000463843699841527
2002-08-01,2.34788773739436,252.170285315498,6.05835387153511e-05
2002-08-08,2.16171547241871,312.222462514903,5.5152521576425e-05
2002-08-15,2.10666839010906,186.348262378968,3.98141337051044e-06
2002-08-22,1.74182273395746,251.340561416307,6.09252378308291e-06
2002-08-29,1.83835139942633,206.980100831616,2.0524790323135e-05
2002-09-05,3.64717509743519,229.841688329892,1.0230985493572e-05
2002-09-12,2.48031408317841,265.188815065139,2.54779997852752e-05
2002-09-19,3.40292722316866,319.425445934714,1.08582270453687e-05
2002-09-26,2.86346131417897,324.750414998931,0.000114763312392024
2002-10-03,2.81424954474857,284.42476850084,5.58711367078537e-06
2002-10-10,3.50657947775614,359.190012643154,2.74339654741102e-05
2002-10-17,3.11389408022634,385.761586232836,8.2963403066485e-05
2002-10-24,3.01241387378501,262.906322721704,3.07662457060381e-05
2002-10-31,3.81974896512901,246.327889396082,9.48153177902687e-05
2002-11-07,3.06751546700394,285.601645860089,2.01193200635517e-05
2002-11-14,2.93436927969199,325.0726314042,5.66373422453215e-05
2002-11-21,3.32333194765201,342.45758032285,0.000130052206241055
2002-11-28,2.95719696422631,331.817624590234,6.09937680155397e-05
2002-12-05,3.57331822802754,220.435755488753,2.0658043460087e-05
2002-12-12,2.5806736173403,353.20764662338,8.13795943530013e-06
2002-12-19,2.34880447028417,270.302273908886,4.80758281961443e-06
2002-12-26,3.45125718515164,288.052598699742,2.96964133780174e-07
2003-01-02,3.45416079830977,322.379253804954,4.38496431352125e-05
2003-01-09,2.72732063982407,315.24514585501,1.06377731082601e-05
2003-01-16,4.65675663351899,271.06409523896,3.66630415572015e-05
2003-01-23,4.88339859401986,209.723803847359,6.93795428396388e-05
2003-01-30,3.59787727527204,267.287346304969,4.34796409813824e-05
2003-02-06,4.29818798345704,259.394367459199,0.000116575049568926
2003-02-13,3.10189291919847,235.956229600099,4.67032339165245e-06
2003-02-20,2.8119180575342,306.824042734215,1.35646651121131e-06
2003-02-27,2.23704059761715,250.538005116227,7.63900425906739e-07
2003-03-06,1.75287796207973,197.195941477391,5.45093936298467e-06
2003-03-13,4.33013451071986,225.956896649944,1.54134044360885e-05
2003-03-20,3.03671256464416,306.032750452927,2.75806499498435e-08
2003-03-27,3.27765356622423,263.385169410649,3.92815317478929e-07
2003-04-03,4.4824645798328,234.194498185756,5.72340275340728e-05
2003-04-10,5.44983764144425,351.412967400776,7.56102623966849e-05
2003-04-17,2.86679760341293,250.989752817064,9.3968945936601e-05
2003-04-24,2.62580015713464,299.13494245306,5.26539680868623e-08
2003-05-01,3.81093146236213,233.042901959847,0.000103378126456148
2003-05-08,3.53609561035241,264.01698660668,0.000194202042521098
2003-05-15,3.75211141350488,211.360667568699,5.04124134462645e-05
2003-05-22,2.48803768426936,210.960476933004,2.6169022139593e-05
2003-05-29,3.36752048075769,211.154247812882,0.000175583432249829
2003-06-05,2.92922935280247,236.287076437789,1.29837999086124e-05
2003-06-12,3.27879459051279,232.385854600301,0.000176664928038805
2003-06-19,2.55221054646255,268.319322774556,9.021463443422e-05
2003-06-26,3.38352625725335,288.169767345432,0.000180707582699761
2003-07-03,2.7633212980699,367.210543431858,8.22388119348382e-05
2003-07-10,2.51822007945214,245.200243571334,4.5160389073833e-05
2003-07-17,2.6587606239359,329.442280703527,6.78392053287553e-05
2003-07-24,2.41870370316354,202.38155693464,4.01214879055659e-05
2003-07-31,2.59126318391278,216.812197381878,6.67635599806778e-05
2003-08-07,2.77046876162621,248.882940237461,8.15827267769198e-05
2003-08-14,2.40997794923332,273.379705188091,9.50587994982895e-05
2003-08-21,3.37574648855312,254.139959656669,0.00011112996064684
2003-08-28,3.90047322448921,303.591332331813,0.000100058419134809
2003-09-04,2.6336070237478,319.053393671236,6.34296444457271e-05
2003-09-11,2.90358450611618,245.815530307535,2.23653997782015e-06
2003-09-18,2.98074220929709,262.140988655555,7.35233265504079e-06
2003-09-25,4.19266062771272,246.208355459209,8.20716564805914e-05
2003-10-02,3.4578875423051,256.944934274582,7.96487381712854e-05
2003-10-09,2.54895742972148,235.505819630376,0.000116277512860367
2003-10-16,3.43154076058329,301.959503867179,5.53869597646401e-06
2003-10-23,2.4876687967121,329.543389468121,1.54543575223789e-05
2003-10-30,3.57006192129733,268.094487845766,2.25567927733216e-05
2003-11-06,3.20740877980957,205.207126605921,8.66935047905131e-05
2003-11-13,2.29500161877579,261.064853550623,5.52950242648048e-06
2003-11-20,2.79995610701814,219.877749973673,9.26124794253892e-05
2003-11-27,2.81438424465279,298.40743634859,0.000140702267834896
2003-12-04,2.53846119683053,190.711092705309,5.88888665311154e-05
2003-12-11,4.45770272738341,265.255612273039,2.26687869276669e-05
2003-12-18,3.98407272270328,260.211190481705,0.000106565780968633
2003-12-25,4.73421127066957,270.462888501282,0.000129373306923325
2004-01-01,4.16102572976811,264.324061633989,0.00018315223121812
2004-01-08,3.22491787365341,255.785214332458,2.45824316308722e-05
2004-01-15,3.00042287896489,196.183732408027,5.31425612629402e-05
2004-01-22,3.35650372315251,308.903227746207,4.85504552243525e-05
2004-01-29,2.57793291449533,193.947294629525,7.30840057737938e-06
2004-02-05,3.75487274096941,224.714936266167,9.1790524074691e-05
2004-02-12,3.19920127902769,332.096606303538,6.07089453256338e-05
2004-02-19,3.41776654469982,305.818257959043,2.75634986940654e-05
2004-02-26,3.76114675685721,254.949996469334,4.7170243577923e-05
2004-03-04,3.28254422391717,281.771827895275,1.67757155844914e-05
2004-03-11,2.56425284483365,281.680818186281,3.21257329606657e-06
2004-03-18,3.63842529620985,215.546948584337,4.86353182129426e-05
2004-03-25,2.64307524182704,289.789543440883,0.000108907049421361
2004-04-01,3.2097261313542,298.609740139614,5.96688645374699e-06
2004-04-08,2.7539335970805,228.021864117326,1.64566307473925e-05
2004-04-15,3.23987046891186,283.238467623182,1.3136111729839e-05
2004-04-22,2.93781859075867,193.615887852369,2.19890186995586e-05
2004-04-29,1.99100052696545,243.298877721327,3.65372505595373e-05
2004-05-06,2.89598615336662,183.401117014302,6.33247620859352e-05
2004-05-13,3.46899556968111,349.224078508668,8.99683459836804e-06
2004-05-20,3.37262949101497,268.052730164145,8.84842620392205e-05
2004-05-27,2.99970021462535,333.334809964365,0.000115115625666613
2004-06-03,2.13408513357526,261.530762685337,7.24614508895002e-05
2004-06-10,3.19017093829904,257.943072888286,0.000162917249879646
2004-06-17,3.29007917296308,291.152946327989,8.57822244825117e-05
2004-06-24,2.96533308961829,213.610625875776,9.49874825808574e-05
2004-07-01,2.93017546945998,221.683245813767,0.000161947096194084
2004-07-08,2.40974515125989,227.441684316244,0.000222859712692335
2004-07-15,2.93199387744554,237.099334359594,0.000191805290099627
2004-07-22,2.21900684042501,233.042515108436,5.57027079027264e-05
2004-07-29,2.21802808501978,309.324989451333,5.69233771306065e-05
2004-08-05,3.14499310851503,344.856336401063,8.45405092334612e-05
2004-08-12,2.11468481862767,254.443599418715,1.10138581111776e-05
2004-08-19,2.31480881108555,259.955728474813,0.000121297724659425
2004-08-26,4.0387214209449,235.005083569227,4.45809040700618e-05
2004-09-02,3.42692067801453,192.006168909068,0.000141051112787566
2004-09-09,3.07398128797467,290.844464291216,1.05345519516207e-05
2004-09-16,4.18317194402769,230.479769238168,5.24412535252315e-05
2004-09-23,3.99259435125379,231.275026655457,0.00019470149417423
2004-09-30,3.1518324449974,266.732709357012,3.63967174504321e-05
2004-10-07,2.76736625988906,230.089373132025,3.67633255611414e-05
2004-10-14,2.93595969500981,269.189574239408,2.2202194526897e-05
2004-10-21,3.38553360249966,270.589373606717,9.99747106943206e-05
2004-10-28,3.23575464378538,223.168790500205,0.00012583823400095
2004-11-04,2.81195232253918,296.970010857933,1.19432775622165e-05
2004-11-11,3.18439149478144,242.759642533742,3.09356144086818e-05
2004-11-18,4.81865889207923,253.654268756723,2.44269626357751e-05
2004-11-25,3.77209110749641,283.892486067858,0.000162302841842254
2004-12-02,2.69642954879157,287.834089746659,2.24194437776877e-05
2004-12-09,4.19143412844916,278.814851894655,7.46610995537557e-05
2004-12-16,3.67613868059589,248.347205875698,2.46150190184908e-05
2004-12-23,4.37794190981517,241.178264385833,6.68957966458068e-05
2004-12-30,3.02943638705321,224.227163081568,9.50037762746667e-05
2005-01-06,4.74227791486364,242.200952147374,5.69845621597347e-05
2005-01-13,6.07179487330072,237.19352692155,0.000126474608380352
2005-01-20,4.23853759410124,234.564921043223,4.42347797571333e-05
2005-01-27,3.58630932571195,312.085488056071,1.99453585055829e-05
2005-02-03,3.04687065731873,308.536354901351,1.10294198881036e-05
2005-02-10,3.48620185725861,199.331913070874,1.01770723373918e-05
2005-02-17,4.36471390266825,317.620947848763,0.000135807849545557
2005-02-24,3.10110090694274,299.615250832057,4.31581675719294e-05
2005-03-03,2.76457798963139,343.69532186102,2.28799606056607e-05
2005-03-10,2.86736759392824,289.990184008892,9.88467667469965e-06
2005-03-17,2.80194739981697,280.032840697201,9.58262911634577e-05
2005-03-24,3.04813792077556,286.049056199469,1.2995283930961e-05
2005-03-31,1.89362352043069,295.276692702943,1.48468865619415e-06
2005-04-07,3.45380950874082,244.431331345869,3.80682120068126e-06
2005-04-14,4.18341587074962,230.183455909505,5.4994514325278e-05
2005-04-21,2.81326728370431,342.286481999938,4.68911801587272e-05
2005-04-28,2.03576518739354,237.03195569442,5.69958632786564e-06
2005-05-05,2.17385545834195,212.556389261295,8.46215758173809e-05
2005-05-12,2.18268178259958,237.172288579888,9.54856360224571e-05
2005-05-19,3.10804926254737,248.891613730379,3.95202545453276e-05
2005-05-26,3.34854733808887,200.978207124492,0.000112026572212666
2005-06-02,3.94986897954463,280.107190559952,6.10304976048817e-05
2005-06-09,2.95731074719776,243.310079209904,0.000171706514123122
2005-06-16,2.59261083475997,217.234897377577,0.00017747848966845
2005-06-23,2.15884602494025,266.563479738165,7.06540053381475e-05
2005-06-30,3.52473845237608,286.9989662695,4.37308940277366e-05
2005-07-07,2.70469679282988,234.526570258128,2.11184896474035e-05
2005-07-14,2.19452325853954,243.082749586762,3.15375690745477e-05
2005-07-21,2.12865869082837,244.962531344375,0.000164918250740476
2005-07-28,2.97847010817758,255.448425388632,0.000390346080599386
2005-08-04,1.94401456869729,250.554570004487,9.96089826249848e-05
2005-08-11,3.30806600514268,256.704118942389,0.000278563644571104
2005-08-18,2.08745220639042,283.941721951853,9.18086895942824e-05
2005-08-25,2.33417195548575,188.549832642827,4.04811859222334e-06
2005-09-01,3.92775888568287,226.294434151261,0.00014311632171644
2005-09-08,3.0172241782724,230.462414667858,3.67396569569105e-05
2005-09-15,3.82267319679362,269.044257842652,3.86558421250386e-05
2005-09-22,3.88045215180263,261.369230392861,1.98027091652889e-05
2005-09-29,3.43495025559229,190.774934424529,5.88758538380532e-05
2005-10-06,3.24508584507137,212.537033050765,3.40655141000563e-06
2005-10-13,3.48957998324992,195.356756297052,6.68535714213602e-07
2005-10-20,3.01642276568643,281.295031974515,9.19768880701536e-07
2005-10-27,3.63234042465693,255.712417479164,0.000201498225600042
2005-11-03,3.847130943916,191.906503303827,1.04098533504088e-05
2005-11-10,3.94773979720234,197.914995997165,7.69916103571788e-05
2005-11-17,4.7276323936134,245.074675510486,2.93048585045733e-05
2005-11-24,2.64045906510264,285.757644511927,7.71867773650443e-06
2005-12-01,3.30519473149256,262.15351983713,9.81902959023595e-05
2005-12-08,3.28132444162857,268.09578987305,7.91427056329553e-05
2005-12-15,3.92258119511588,289.875442181235,8.80593539486454e-06
2005-12-22,2.75999875556747,277.143661089546,4.47911831541009e-05
2005-12-29,3.84122175258994,324.748035222822,5.93201249177748e-05
2006-01-05,2.98428365542307,287.296895026914,7.67195983566473e-05
2006-01-12,2.80408448195777,296.125879894514,8.45782733987304e-06
2006-01-19,3.92855411715773,215.657957377972,2.16391116250042e-05
2006-01-26,4.15489752500419,217.56199230898,5.4578595918612e-05
2006-02-02,3.54374960050322,289.818052778021,6.05060559211549e-06
2006-02-09,3.01467600929684,266.150370532025,7.56004108621288e-05
2006-02-16,2.62931186078624,267.868179032468,3.62432373081256e-05
2006-02-23,2.95203009371658,297.439925348353,6.33564449180112e-05
2006-03-02,2.65069510743008,235.807981397113,3.59702776573535e-05
2006-03-09,2.67718031320939,323.41555400213,4.18498912843301e-05
2006-03-16,2.73726505182789,391.104514033801,1.5494382015381e-05
2006-03-23,2.56414115370272,303.33263963834,6.99263013400432e-06
2006-03-30,2.25769208665024,221.252887016113,6.86234680643758e-05
2006-04-06,2.53228177217725,282.837140801085,9.12210759343327e-05
2006-04-13,3.23270639897024,219.564242123481,3.52337572203564e-05
2006-04-20,3.62691752544872,215.761590941307,4.27754441231552e-05
2006-04-27,2.84539422574946,198.596985353795,4.21628536425431e-05
2006-05-04,3.70859590009394,208.080983922391,8.37123324376616e-05
2006-05-11,2.37060157841168,278.110589638265,4.00027074407427e-08
2006-05-18,3.06646398907252,245.609155571511,5.75262464002261e-05
2006-05-25,3.04538508494879,206.447664235261,0.000110657685549658
2006-06-01,2.55957873350301,302.269061687276,0.000281213542740736
2006-06-08,3.52298334838506,306.384879271395,2.45263658620508e-05
2006-06-15,2.66360528977289,244.33302733797,6.67496157491612e-06
2006-06-22,2.9970455916308,208.044709692575,3.26053440314558e-05
2006-06-29,3.289007130531,267.899616254938,0.000131483408790034
2006-07-06,2.40642265335433,215.152322009461,4.64423589718901e-06
2006-07-13,3.34249839100489,216.860860633213,0.000158293850810271
2006-07-20,3.18458833431573,287.549345319456,2.03935371266527e-07
2006-07-27,2.27396807514469,230.034679791097,9.00978626587418e-05
2006-08-03,2.51098286414076,238.917904632335,0.000162042339807512
2006-08-10,2.47531332564978,281.45375189481,6.17453554850052e-06
2006-08-17,3.24777726418474,267.469802831359,0.000237532939315882
2006-08-24,2.09032893719669,278.455286560023,0.000194682195978721
2006-08-31,2.25271913016312,316.811139773608,7.40065774989997e-05
2006-09-07,3.56666315642236,252.512490001539,6.40710030842567e-05
2006-09-14,3.3342738901748,270.466050100382,5.88604543483969e-05
2006-09-21,2.63235399786694,238.316197992926,2.17308825420742e-05
2006-09-28,3.22781063801638,205.923504874156,1.1365475114046e-06
2006-10-05,2.34981883239993,213.901421905374,0.000110933782667681
2006-10-12,2.87614338758658,259.073622728667,6.1947722122647e-05
2006-10-19,2.65986707478403,313.312788114986,6.99655196806713e-06
2006-10-26,3.36883223438916,230.393825221359,0.000265511303520025
2006-11-02,4.45308522078379,276.729033608751,0.000210015782797526
2006-11-09,3.4679896153991,276.918121284781,2.47852069101967e-05
2006-11-16,3.43857638119336,249.739482632914,0.000100797410348922
2006-11-23,3.41876138014282,178.516014623847,0.000125710469049566
2006-11-30,4.14938941724142,202.18715580765,7.10832423885752e-05
2006-12-07,5.07529151721262,221.148906209084,6.48436043946318e-05
2006-12-14,5.23820373902639,213.600156483064,7.59290605565931e-05
2006-12-21,4.24287022270934,262.781320109221,3.17519529393866e-05
2006-12-28,3.87352611613994,272.257689037274,1.06752323189898e-06
2007-01-04,4.00641822025948,246.698398980013,5.17116092695654e-05
2007-01-11,4.49777551446944,227.927291123026,0.000103078448482497
2007-01-18,4.99799392847605,250.583557612973,0.00021302617690706
2007-01-25,3.70032595953774,292.446706388879,0.000112741510131988
2007-02-01,3.52184458939471,285.918026851287,2.49169038737881e-05
2007-02-08,3.15484766945976,313.361454029422,5.05570253061074e-05
2007-02-15,2.631176968099,278.378048430097,2.13561512324054e-05
2007-02-22,2.99296328799145,290.607795247107,3.83144448023873e-05
2007-03-01,3.45824622957629,217.497170182324,5.15234601574548e-05
2007-03-08,2.38392513285076,235.721358332318,4.6973109113028e-05
2007-03-15,4.11932665897295,244.020449287967,2.99826439434674e-05
2007-03-22,4.29780803826509,267.89442422551,5.80066809045765e-05
2007-03-29,2.32078264900078,314.293347304831,1.11686925097798e-05
2007-04-05,3.0249716893929,273.733154545504,2.85426431463238e-06
2007-04-12,4.33532168319893,249.326174497929,1.99071423873759e-05
2007-04-19,2.64755168281573,291.037945203419,1.93795281542835e-05
2007-04-26,3.91315180333689,262.443547277994,0.000110421294370364
2007-05-03,3.25042432823843,322.089729678589,3.2371063496202e-06
2007-05-10,3.33524074103118,249.043636924606,2.67140094262604e-05
2007-05-17,3.2770544008899,203.90904958408,6.79869545259146e-05
2007-05-24,3.62509795977036,236.139224055249,7.24433644995713e-05
2007-05-31,3.79320357902968,309.662042276096,9.72637535746226e-05
2007-06-07,2.78984565689989,297.435745623452,5.49870545681095e-05
2007-06-14,2.36939413883061,272.72705855151,5.8415903651219e-05
2007-06-21,2.90257423499274,272.2321818861,0.000147624532123299
2007-06-28,2.85079124536639,259.701807279372,0.000131140447931109
2007-07-05,3.14814939759695,215.354136212744,9.57278814107302e-05
2007-07-12,3.26334284073167,311.798162796513,7.82162363279928e-05
2007-07-19,3.60739945908308,234.673919560514,8.93044998388252e-05
2007-07-26,2.68776372037163,302.422075388537,3.80435599339338e-05
2007-08-02,3.59569762117915,233.452611275945,6.92564458452945e-05
2007-08-09,2.41704637316086,215.19955601433,8.69669114134289e-05
2007-08-16,2.52728004742165,251.231490340455,0.000176922564427729
2007-08-23,3.86706669506165,274.125269481177,5.00898936802231e-05
2007-08-30,3.43727486319249,268.03737538281,4.16313367189626e-05
2007-09-06,3.17621608348034,275.915713451471,9.71292762883832e-05
2007-09-13,2.6899511062101,273.367645458939,0.000133541092691679
2007-09-20,3.83814217641555,261.956580908392,0.000116041672816782
2007-09-27,3.91338013995652,211.858120523644,3.75931575398305e-05
2007-10-04,3.23628356133788,288.920754753514,4.38164317623553e-05
2007-10-11,2.84084117498322,304.671545972386,2.98874160087176e-06
2007-10-18,3.59007865175461,251.614297704436,0.000104570567270962
2007-10-25,2.57073091157172,262.728385965255,9.2274581911944e-06
2007-11-01,3.05774471460074,204.602625911895,9.2212169008758e-05
2007-11-08,3.68440657883313,269.422576623026,0.000104763596868435
2007-11-15,3.68209832560829,308.292849540026,9.30891668132762e-05
2007-11-22,2.28694881320568,239.002272767046,6.25673268608713e-06
2007-11-29,3.56826467850126,260.760359980753,9.41624113752254e-05
2007-12-06,3.71721253735778,251.246354983931,0.000167195803011072
2007-12-13,3.3215840528431,235.023321684581,0.000111886389015183
2007-12-20,2.31743121702228,265.585746862613,6.02895776107274e-07
2007-12-27,3.62171559183795,238.590902621974,1.23088539988528e-05
2008-01-03,4.46767284399032,277.428619099934,9.3967019711885e-05
2008-01-10,4.24805695995142,152.767590632976,7.75195392465322e-05
2008-01-17,4.66463963997134,197.944733211903,0.000107720997363025
2008-01-24,4.37615879550232,242.721304737437,6.08487942035462e-05
2008-01-31,4.59101707792977,255.868064604005,0.000100108226340785
2008-02-07,4.13800808056485,201.337993286174,0.00011597261380165
2008-02-14,2.8656545797922,277.234526144927,1.00622258770931e-05
2008-02-21,3.81633114772453,290.964733340777,7.29991741858651e-06
2008-02-28,5.16765122805216,244.183427337697,8.82156837116066e-05
2008-03-06,3.97282661981527,277.805109109956,8.29965301556407e-05
2008-03-13,3.96950638742766,202.319795467452,0.000110237785539399
2008-03-20,2.45975293778991,328.960951839196,0.000128623066866976
2008-03-27,3.43830870312237,277.355300359545,3.60413920513614e-05
2008-04-03,3.6908202980801,198.513341006044,1.10508761101618e-05
2008-04-10,2.9367119916696,275.152464991577,0.000112788240376534
2008-04-17,2.47810634714271,310.316125202829,9.03760979667587e-05
2008-04-24,2.58341311325488,326.546628044589,2.23021099087528e-06
2008-05-01,2.98420533480802,210.263232842285,3.48244654355748e-05
2008-05-08,2.18481033126998,260.933929281299,4.6896016163431e-05
2008-05-15,2.91802752812162,268.913813524311,2.20853294589771e-05
2008-05-22,2.50896234250336,229.142906010705,9.32968860722606e-05
2008-05-29,2.63266112713863,318.477054677628,3.35106445278425e-06
2008-06-05,2.50493247826176,282.779798612712,7.96503925312552e-08
2008-06-12,3.68236885437816,252.19774023643,7.6987441778901e-05
2008-06-19,2.67546820827546,220.401471791181,0.000126127628280352
2008-06-26,4.00588205230398,241.008771394471,0.000140309503841253
2008-07-03,2.1238847184952,232.0197660937,0.0001055121359619
2008-07-10,2.95604299719727,343.372700764198,7.03961665124222e-05
2008-07-17,3.43347738440906,230.546803191572,3.90163752693076e-05
2008-07-24,2.86524669594168,217.851856226771,0.000119496117248574
2008-07-31,1.78402873700662,275.027245038294,3.40197501295889e-05
2008-08-07,2.89220151163048,288.90238071738,0.000310854953597827
2008-08-14,3.06286361655525,233.991548781925,0.000359104205296222
2008-08-21,3.34600583601757,259.16070560858,0.000176612017798027
2008-08-28,2.49193479275334,299.248721469828,0.000192909966158444
2008-09-04,3.59259081152923,271.320981574754,8.62055377227764e-05
2008-09-11,3.31952118438272,339.134425029089,8.56520906653942e-05
2008-09-18,2.47688396788448,391.735659237649,6.12733225843551e-06
2008-09-25,1.84601598917052,328.505694065185,9.40203087095796e-06
2008-10-02,2.99260479681566,241.717985905062,7.70670921714322e-05
2008-10-09,2.69490601541934,219.146261743474,0.00011170598040379
2008-10-16,3.83226451289092,241.222317187309,3.07261653415178e-05
2008-10-23,4.14591353694483,243.765615819341,7.55857590979642e-05
2008-10-30,4.27328851583341,215.296604328842,4.18583341203456e-05
2008-11-06,3.06691777185086,293.035223232968,0.000112215086005536
2008-11-13,3.32130247176161,211.720425570463,0.00016370619079376
2008-11-20,4.0423426053903,253.595238709731,0.000120725360935371
2008-11-27,4.28287852803745,307.619314317001,8.55166028842843e-05
2008-12-04,3.5650220058299,239.804608208788,6.93672805140544e-05
2008-12-11,2.74668645999238,273.138478345216,0.000142692446512652
2008-12-18,2.54836407054621,215.896230499244,0.000102835225862396
2008-12-25,3.87715164787276,255.244643159265,5.25503728950831e-05
2009-01-01,2.91256316959349,278.388816183871,5.65764128391979e-07
2009-01-08,3.23732498047095,301.484089108142,7.63569276720604e-06
2009-01-15,5.08439830921988,245.75582166673,4.3631325179233e-06
2009-01-22,3.15652340376374,198.730910815308,4.55889572252532e-05
2009-01-29,2.65808222605354,238.851194088689,0.000106036856180303
2009-02-05,1.6648117160623,255.844099938586,7.89884709652972e-06
2009-02-12,2.33409778039211,270.009495910883,6.78077857424836e-05
2009-02-19,2.39921040310604,339.465143239281,5.23862672894266e-06
2009-02-26,2.52466977133293,283.988675692053,6.3728050194602e-05
2009-03-05,2.92589952405916,239.138305282805,5.61716411035393e-05
2009-03-12,3.26320745024329,321.906209306544,9.69361022911893e-05
2009-03-19,2.78278520881046,253.739926091299,6.04782629161262e-05
2009-03-26,3.06481040193917,316.622871361453,2.10717455432558e-05
2009-04-02,3.49910288505732,217.817453865502,4.372410394918e-05
2009-04-09,2.96092998538599,233.594240927865,3.24244932121593e-05
2009-04-16,2.09158619362856,267.563146532697,1.47223039049569e-05
2009-04-23,2.62199625537858,255.6967019483,4.69797953312058e-06
2009-04-30,3.04831331996802,256.987828397936,1.65390809093268e-05
2009-05-07,2.64931112662041,235.050164596474,5.41288212778273e-05
2009-05-14,3.75743501174541,274.162713966396,5.24022927133217e-05
2009-05-21,2.75684117164535,261.399743526156,2.95863062949334e-05
2009-05-28,3.25799275137528,250.926531551034,4.64324005884704e-05
2009-06-04,2.64772499313083,303.137620594523,8.00402448392226e-05
2009-06-11,2.95985813239459,260.843142016424,0.000145488919494787
2009-06-18,3.37066405396617,286.441169839626,0.000267068749972456
2009-06-25,1.92210990246822,241.065749824068,0.000118747547663986
2009-07-02,2.25882851461225,273.708468368532,3.78959103093569e-06
2009-07-09,2.24048822158107,257.657881558654,0.000142893644266168
2009-07-16,3.27746100288652,203.958820669547,0.000373252365297957
2009-07-23,3.50585966133037,222.712390569903,0.000145431565346088
2009-07-30,3.31651307131193,228.908733880395,9.71798574231591e-05
2009-08-06,2.05554500783319,231.645190164197,3.52913572037345e-05
2009-08-13,2.42125061796834,204.236910437859,2.54146354204612e-05
2009-08-20,3.37811008403434,269.817347288021,0.000167621716788969
2009-08-27,3.27259454019192,204.635288479426,0.00014515407247959
2009-09-03,4.15908645762951,213.301762675657,5.40470072715952e-05
2009-09-10,4.04865296301816,214.998661947873,0.000146180543052625
2009-09-17,2.28463994443533,301.88252269519,2.45922781413244e-05
2009-09-24,3.60502688819951,253.236313752246,3.31093692230917e-05
2009-10-01,4.22374554548447,266.799711921923,6.60205292558265e-05
2009-10-08,4.10363219173253,250.976617911353,0.000140451875729654
2009-10-15,3.49043367231542,324.27832404501,7.0799479351815e-05
2009-10-22,2.4132699856685,336.367377824,8.84375669634129e-05
2009-10-29,2.85628598696154,307.351672722685,2.53977665531967e-05
2009-11-05,3.27366052176135,211.482840978453,7.55219187424743e-06
2009-11-12,2.96589955376182,269.360077792714,6.60222161425527e-05
2009-11-19,2.8225614124218,222.767430803649,0.000120871338052567
2009-11-26,4.03814452176653,220.203487298072,8.6597173544873e-05
2009-12-03,3.10133210587491,243.029416029138,3.17995016800153e-05
2009-12-10,2.46060951864296,254.417307687492,2.44278066854969e-05
2009-12-17,2.98639164776831,298.773875627378,5.7635015338721e-05
2009-12-24,2.79844529543769,311.535281058161,6.71102580811029e-05
2009-12-31,3.33572103630369,270.374239923692,0.000108319213921168
2010-01-07,3.06568352746415,320.224857410933,1.86509527337458e-05
2010-01-14,2.17854208372128,323.579989423334,9.54603459747993e-06
2010-01-21,2.29219053149783,207.452971486966,2.76937457268011e-05
2010-01-28,2.25728709126371,161.74276634408,7.60653694757698e-05
2010-02-04,2.99595488122418,267.042244184666,6.02458870365792e-05
2010-02-11,2.0686497760446,246.33302338526,1.90727662785244e-05
2010-02-18,2.10931028661019,301.898420040359,1.96013692209264e-05
2010-02-25,3.30495743515677,342.353300655237,0.000110393379097663
2010-03-04,3.37824872841511,238.678946622597,0.00010481483624765
2010-03-11,3.20767914978093,288.367823836977,8.13692169764997e-06
2010-03-18,3.04987522293728,283.312442063422,6.61347613892927e-06
2010-03-25,3.14815473007367,254.875198581756,8.73887572250912e-05
2010-04-01,2.45209082364451,241.629145076228,3.06159103072713e-05
2010-04-08,2.17283677060287,266.236204457454,3.31327136425847e-05
2010-04-15,2.86896599720674,307.749094315781,3.39523451712531e-05
2010-04-22,3.05928823234184,267.391640155838,6.14783040090338e-05
2010-04-29,2.89888388424602,266.21685312262,5.12551824965664e-05
2010-05-06,3.09545108897353,283.158034904172,4.91496797653131e-05
2010-05-13,3.33976490400316,277.602807269662,4.16452997908745e-05
2010-05-20,2.59674288011536,296.277271679853,0.000124935899372624
2010-05-27,2.44721320107113,307.279860917756,9.89734767661618e-05
2010-06-03,2.28674945945747,296.517829206142,9.18224886464751e-05
2010-06-10,2.52586289331624,261.885059385068,6.14426678556122e-06
2010-06-17,2.90816782470653,299.240214561987,0.000144589237983955
2010-06-24,1.97363132707824,237.231392132384,8.31153884940992e-05
2010-07-01,2.5608478559993,228.135815567708,3.07985455935508e-05
2010-07-08,2.65359873183639,238.115145327239,2.14841459933028e-05
2010-07-15,3.05765403516345,224.557275590375,2.59995435996083e-05
2010-07-22,3.53217834715787,219.600315701375,0.000112362276574138
2010-07-29,3.41389626120557,281.89197401579,0.000175188815054243
2010-08-05,3.18557124096583,242.237000610478,0.00043856671594581
2010-08-12,2.13244557512191,239.551075770217,0.000163667943621384
2010-08-19,2.79579933447653,298.124941754383,5.17466644458224e-05
2010-08-26,3.2182823529727,251.795942975436,0.000179537910611253
2010-09-02,1.9660677694362,356.37852305831,5.4994008926253e-05
2010-09-09,2.61193413236649,278.789313149703,1.49389724817622e-05
2010-09-16,2.989121497759,210.188160806067,7.79629946454045e-05
2010-09-23,2.91845161021642,229.085078323175,0.000181071750048055
2010-09-30,3.83859743042458,317.023148165643,1.95642482277805e-05
2010-10-07,3.61854941304196,176.14151637972,5.50875538289724e-07
2010-10-14,2.87536345266521,251.535195941619,6.90584108094908e-05
2010-10-21,3.65406690447558,261.346117987172,6.64094567385769e-05
2010-10-28,2.89725022809619,269.62775806621,0.000104041234750483
2010-11-04,3.91633452795766,223.110519386677,8.15132464299085e-05
2010-11-11,3.54581750362031,298.598093343569,0.000159235697039726
2010-11-18,2.52012896610439,260.123999525163,8.60984315033287e-05
2010-11-25,4.63485471045424,386.533853055219,0.000119676597063668
2010-12-02,3.22750813840609,354.168868605175,4.28732622441509e-05
2010-12-09,2.59772056986271,280.095740912419,3.30569868165661e-05
2010-12-16,3.47715011622295,328.832205682699,2.07610290468141e-05
2010-12-23,3.66646467821116,289.299906387644,0.00011183218879201
2010-12-30,2.87400374818158,337.19464368041,5.48395855947645e-05
2011-01-06,2.977623534697,254.348869546403,8.49041549843211e-05
2011-01-13,4.34671305166551,207.315377340974,0.000104379143524859
2011-01-20,3.40078845274295,274.246892029384,5.90148259229365e-05
2011-01-27,2.83565103290857,297.239071046845,1.97387983856927e-05
2011-02-03,4.40862918710409,262.826147407438,5.52254741866848e-07
2011-02-10,4.22477205727912,257.451757446187,7.16147763767905e-05
2011-02-17,3.47386342130194,288.125040112857,0.000137051343327947
2011-02-24,2.46718072205653,289.126936171575,1.38925412675858e-05
2011-03-03,3.07827107712374,207.014250500475,5.15462736675963e-06
2011-03-10,4.56794009581998,257.510777437639,8.24485607158823e-06
2011-03-17,3.420531038549,247.700036540866,3.73614944769051e-05
2011-03-24,4.18490217671907,229.147145231046,3.10903683782846e-05
2011-03-31,3.67256712882552,281.107897177565,2.77198909984788e-05
2011-04-07,3.71189090454322,221.793805022941,5.67795804751907e-05
2011-04-14,3.85581748318017,291.847945647891,5.46057799240976e-05
2011-04-21,2.9739654756235,259.703733688462,1.343545118273e-06
2011-04-28,2.33673436475385,297.877959056825,7.92789032422109e-07
2011-05-05,3.4682902552661,363.699839139287,6.51428303720366e-05
2011-05-12,2.20190454008034,196.353613952535,1.15201687943831e-05
2011-05-19,2.51765660713273,220.303960841945,0.000120829141283613
2011-05-26,4.6837914898782,231.691399437372,7.55854654909726e-05
2011-06-02,3.74629955387016,216.571146711908,6.62735663360488e-05
2011-06-09,3.5988350843487,214.612521885221,1.00065262183031e-05
2011-06-16,3.35872935718042,258.164645754472,7.31321655929103e-05
2011-06-23,3.13317007995316,261.812773785004,0.000163917000397351
2011-06-30,2.243298939409,246.140112961861,0.000209551825410147
2011-07-07,2.77265828905832,312.474223526952,6.67314057489127e-05
2011-07-14,2.39436904045582,234.177765674856,2.5881040066944e-05
2011-07-21,2.92027650527746,221.134741627683,0.000107013031472839
2011-07-28,3.27388533320957,255.025294121014,9.65898788821104e-05
2011-08-04,2.99943495556136,334.069818501732,3.06572567896835e-05
2011-08-11,2.7087266591444,221.828607572805,0.000253676005158895
2011-08-18,2.82582086520111,262.216279956479,2.9646413306945e-05
2011-08-25,2.38118775414219,239.206848362912,0.000282235892854297
2011-09-01,2.64054852016111,198.381054320533,6.37835493655965e-05
2011-09-08,3.04040143601119,228.036250551484,0.000108437504015972
2011-09-15,3.75998797080063,234.330413422695,0.000208170064563468
2011-09-22,3.30788931044733,224.1702896604,0.000149218931521208
2011-09-29,3.83540962268995,250.077014512641,1.59539426174847e-05
2011-10-06,3.7633556245831,256.958112103737,7.73501329497193e-05
2011-10-13,3.89234518990774,263.760659965593,9.32523719346547e-05
2011-10-20,3.83074584385033,245.334056539696,6.39371616072283e-05
2011-10-27,3.37286350512449,202.437650092997,1.38528268831638e-05
2011-11-03,3.11695228717277,215.965014194073,4.51724896318843e-05
2011-11-10,2.00585698142064,207.237760397213,4.7649768026202e-06
2011-11-17,2.70834320490096,261.259053826581,2.6938341886177e-06
2011-11-24,2.88577956982412,249.673670128041,4.73125704226192e-05
2011-12-01,5.55745846512256,239.922603355876,4.01250161702631e-05
2011-12-08,4.390555501789,221.027756274088,3.00675356474187e-05
2011-12-15,4.25009826924037,211.913402593543,0.000137399031523641
2011-12-22,3.44945297198292,262.364936035102,0.000205023636258043
2011-12-29,4.90357859149114,234.500460799196,1.39210157318882e-05
2012-01-05,4.26635882905467,223.307529336042,0.000172149386639136
2012-01-12,2.9843764526969,291.598962239615,6.74861548099984e-06
2012-01-19,3.78293399784744,285.911879046667,7.38066444341064e-05
2012-01-26,2.65464844422532,313.821625016246,1.5625889622169e-05
2012-02-02,2.30713225635764,252.170121883593,5.00865003300837e-06
2012-02-09,3.17984730222188,309.743863573008,2.22350825379311e-05
2012-02-16,2.90370830733503,282.576579425566,6.04023618489319e-05
2012-02-23,3.9197518454425,237.187125867199,9.43489398668283e-05
2012-03-01,3.55811459946681,275.642609278634,7.05569720170765e-05
2012-03-08,2.63618788225965,260.467367582948,2.00120671921969e-06
2012-03-15,4.1722199254728,263.403910242147,5.83462310888612e-06
2012-03-22,3.59671377313451,254.374427517713,7.74921884060969e-06
2012-03-29,3.52499446432413,292.675740700401,3.41212083016285e-05
2012-04-05,3.66953345239078,306.559810193683,5.77293918608397e-05
2012-04-12,3.91893515815819,252.738878549218,0.000113808950033033
2012-04-19,2.61238499806041,250.352350482249,0.000172238271337541
2012-04-26,3.06014556883497,263.757350734912,0.00015462807470103
2012-05-03,3.09929098234287,286.203550206667,2.93216921164767e-05
2012-05-10,3.16702912264752,219.730851037815,4.12514754511072e-05
2012-05-17,3.93882099572283,225.682641990211,0.000128541971914185
2012-05-24,3.19314331041562,272.195371849347,2.64466298242269e-05
2012-05-31,2.53545673653824,294.721219195763,1.79186162505219e-05
2012-06-07,3.48367464433258,259.083069593861,0.000338973576274413
2012-06-14,1.96230717021046,200.533234468451,0.000169573751201888
2012-06-21,3.01127694008217,224.332779603072,0.000177876435377229
2012-06-28,2.87394930162796,302.188541890944,0.000208436030875967
2012-07-05,3.33526814853464,236.788949492855,4.63622278677492e-05
2012-07-12,2.65269094690834,292.220036049028,0.000228253047307705
2012-07-19,2.62387002612591,232.849434606075,0.000277648068046559
2012-07-26,3.10321088296367,243.537101209135,4.10007964954273e-05
2012-08-02,3.14196554151382,236.657089345716,9.4781994804309e-05
2012-08-09,3.02343787213111,238.583801893342,0.000175723131314113
2012-08-16,2.21056670426118,317.648824064202,0.000113616011735684
2012-08-23,2.4878653988099,260.145561127076,0.000132006411414031
2012-08-30,2.47157607294936,230.908614425538,0.000199224987563472
2012-09-06,3.92354320656439,214.718785915098,0.000372373026346907
2012-09-13,3.65956355501204,243.255688620569,3.01075283932709e-05
2012-09-20,4.4750206970872,220.832478923214,8.46435801866717e-05
2012-09-27,3.52385134003184,277.745573872999,0.000221498094437376
2012-10-04,3.53127821550342,208.863651721096,0.000119778066626568
2012-10-11,3.50346367619684,273.509498846089,6.63538745832193e-05
2012-10-18,3.26352493422345,310.668662968255,0.00012807582172132
2012-10-25,2.77813637040387,281.659361058619,0.000145671231116064
2012-11-01,3.43624513889216,246.862999668908,8.03883753294428e-05
2012-11-08,3.5367675823296,228.982115263652,5.68132870256164e-05
2012-11-15,3.6755842289958,232.907404887962,1.88917575897062e-05
2012-11-22,4.10162803148248,216.823782370868,2.05852488492851e-05
2012-11-29,3.96243681393147,308.283894933823,0.000214800882225378
2012-12-06,3.70002345639879,357.429109431446,0.000166290983529473
2012-12-13,2.56506896122342,316.175765086487,4.75783024645446e-05
2012-12-20,2.89351328286577,299.181942575192,9.6637441568962e-05
2012-12-27,2.98569486033187,299.737750608509,0.000101367246471495
2013-01-03,4.30426904608829,227.183683439861,4.58104424033209e-05
2013-01-10,2.82022217479576,283.686032394257,2.64119757101826e-05
2013-01-17,2.96418267226713,351.394050414865,5.75213766560549e-05
2013-01-24,2.60794414393471,329.097235980532,1.23688459761733e-05
2013-01-31,3.93341000191603,216.770874579536,3.82780716646658e-05
2013-02-07,3.15276686041482,245.840224326553,7.22399314522296e-05
2013-02-14,3.12886723062331,342.26798713383,9.01476614190223e-05
2013-02-21,3.07469359768215,261.926487549864,4.56625861840534e-05
2013-02-28,1.94893754501014,289.284143114817,6.0941006592226e-06
2013-03-07,4.13466928931164,275.386391110765,1.44914207044728e-05
2013-03-14,2.49302751716848,318.822524551104,5.1563423624895e-06
2013-03-21,3.15410091447141,292.947989238315,1.81860024358653e-05
2013-03-28,2.79356308584845,335.431411071163,2.58680493326831e-06
2013-04-04,2.44274259018687,293.288870510199,7.37189595869457e-08
2013-04-11,2.55821041629288,264.96440487729,2.92259147351529e-05
2013-04-18,3.89480374918939,268.355098226021,0.000137476561743659
2013-04-25,4.71775056588544,231.932209495725,6.62228704264493e-05
2013-05-02,3.61652765516203,246.529418047374,3.59715316047833e-05
2013-05-09,3.91676600714614,224.61473699084,6.98802606106586e-06
2013-05-16,2.92686914885041,205.234725671367,7.01452503843145e-05
2013-05-23,3.34680481557247,320.579674407364,0.000106379779358437
2013-05-30,3.56669966989567,331.364849709155,8.1044366112138e-05
2013-06-06,2.49545358086727,324.199973559191,0.000115140381123455
2013-06-13,2.1685883096004,286.069804075813,0.000101052090225014
2013-06-20,3.60221510244407,223.45058607839,0.000180410218153438
2013-06-27,3.33066734602831,236.684104731596,7.29100434362266e-05
2013-07-04,2.70285867462541,185.820627357011,1.06354542237133e-05
2013-07-11,3.37896154299543,266.328544110382,4.49134421623005e-05
2013-07-18,2.75639797908152,289.45509493022,1.37050851355407e-05
2013-07-25,4.02762598880364,335.027488894031,2.89762000612316e-06
2013-08-01,2.20066116475026,236.332623821745,0.000203550665981392
2013-08-08,2.97776340221993,227.238563515227,3.71463860147839e-05
2013-08-15,2.33013929024429,233.945173864399,0.000236041467251064
2013-08-22,3.68158467494676,228.528150646301,3.11273325846904e-05
2013-08-29,2.15330742076522,271.78699864336,1.15293796255529e-06
2013-09-05,2.14365271233319,234.586729934123,9.29137827404764e-05
2013-09-12,2.46935114232357,204.013915814209,1.61776588881876e-05
2013-09-19,2.13303470257625,191.482781912191,8.51600092883809e-05
2013-09-26,3.57274720376519,307.321390085798,5.42976664773421e-05
2013-10-03,2.57951225619568,320.462074551003,2.58713700065419e-05
2013-10-10,3.83250032724943,228.320543203334,4.62031918876941e-05
2013-10-17,2.24489462289686,310.496095508821,1.66213009152539e-05
2013-10-24,3.47888299287496,284.609139458302,0.000122302410494539
2013-10-31,4.2580146657293,229.434133274842,0.000105384905471393
2013-11-07,3.28246809942756,216.577569896911,8.31264286194031e-05
2013-11-14,3.6578369951053,236.671491736225,0.000117482784460975
2013-11-21,3.9721303652242,247.782123830536,2.61815209446257e-05
2013-11-28,3.66139382777353,294.434233892949,3.63514166938281e-05
2013-12-05,4.30873388622616,263.594372613736,1.56901839662314e-05
2013-12-12,4.1650293276383,281.202295051941,9.94149980143576e-05
2013-12-19,4.48547212050879,232.316070057576,4.17827108515358e-05
2013-12-26,5.48161623518145,205.216512356082,0.000114379946810595
2014-01-02,4.08120361454326,211.373596216314,6.50779547476315e-05
2014-01-09,3.69144556798164,181.273874658779,8.86205205007875e-05
2014-01-16,3.28490300744646,344.715400506086,0.000100128408692237
2014-01-23,3.08406244946312,327.623485293762,1.41297876709055e-05
2014-01-30,3.97970796901625,170.642530736654,2.40694666498926e-05
2014-02-06,3.15739840824396,147.36811772128,6.85797292415307e-05
2014-02-13,3.30572399554705,203.076713746474,9.48329192673966e-05
2014-02-20,3.83070491073756,224.677792719451,5.1026442250317e-05
2014-02-27,4.39841071070033,211.932072596285,9.77156567903049e-05
2014-03-06,2.48959451550321,144.400275563863,4.53055005289926e-05
2014-03-13,4.62555898308088,242.939160836471,2.46881617651543e-05
2014-03-20,3.71689722652556,269.231533364078,0.000200019836479141
2014-03-27,4.56380265887078,284.823027579549,3.4656469309886e-05
2014-04-03,2.38828767116271,297.87138929885,2.06308578087744e-05
2014-04-10,3.35024262047301,283.318465037314,0.000123798665897577
2014-04-17,3.94247355641113,258.009894999226,3.54214882056205e-05
2014-04-24,2.97308837619967,294.587819481259,1.44486780837848e-05
2014-05-01,2.24793598133071,238.698396186468,3.87710303977554e-05
2014-05-08,3.24220198211751,284.285076337882,5.57374317912018e-05
2014-05-15,2.34825308944285,294.561497676301,0.000125485365562705
2014-05-22,2.65252256160769,215.307427277004,0.000112276463423256
2014-05-29,4.26448562557772,250.984464198842,2.80241849123616e-06
2014-06-05,3.27792684789892,312.987282746968,9.81776900319075e-05
2014-06-12,2.86889607146399,231.788476981246,6.95244719111073e-05
2014-06-19,3.81401064895709,319.676681469972,6.32047160229554e-05
2014-06-26,3.49657456916696,334.875622132168,0.000103513736591552
2014-07-03,2.01956561102467,272.168223780157,0.000156746964118026
2014-07-10,3.26556738851509,225.194773509968,1.66427395529443e-05
2014-07-17,3.5771685420624,278.186283593633,4.57023242597323e-05
2014-07-24,1.84982082089479,318.739778044502,6.37255968719223e-05
2014-07-31,2.04784278036897,197.25704717775,8.52852925915253e-05
2014-08-07,3.02149910235577,192.48048366864,7.48334803808823e-05
2014-08-14,2.77904124666326,218.20173040953,0.000134696606591076
2014-08-21,2.71064094535487,224.574948531598,7.42139900276834e-05
2014-08-28,3.57638667098173,252.081652666489,6.54671679547273e-05
2014-09-04,2.57739698706056,293.461708346471,2.53315092564735e-05
2014-09-11,2.6249197851848,207.813422081893,3.81944828931737e-05
2014-09-18,1.73901674157432,283.810616487318,7.25416046454353e-06
2014-09-25,2.70037445927758,251.361655161868,0.000327486139743794
2014-10-02,3.78488198396269,260.398377032513,4.81190523513511e-05
2014-10-09,3.47094374617643,165.829719016055,0.000173151132289763
2014-10-16,2.97750824437257,263.840383639225,8.88408014094347e-05
2014-10-23,3.46141109785458,270.078996971954,0.000121253109260107
2014-10-30,5.50603380552764,202.5464061163,3.19749269851284e-05
2014-11-06,3.62162868768343,238.006716911334,6.37685397205393e-05
2014-11-13,2.85572413700619,264.279821511201,9.18340770056349e-05
2014-11-20,3.71541513078211,298.017304331902,1.32733164123753e-05
2014-11-27,2.45110032306952,270.937668835574,5.23202943743918e-05
2014-12-04,2.05531955890423,230.76716222932,6.56866536254422e-06
2014-12-11,3.70556973105926,218.360930945994,8.05488554366451e-05
2014-12-18,4.10831265290177,223.884706542078,7.24390189515094e-05
2014-12-25,3.4584028101032,249.924216611475,6.02201880440661e-05
2015-01-01,3.21887313398689,281.364477001576,2.44607237150709e-05
2015-01-08,4.98512177359646,249.257734897134,2.89648466656304e-05
2015-01-15,4.43181316736555,242.746639010998,0.000157857424221588
2015-01-22,4.5034245402104,274.104351271338,0.000109368251086884
2015-01-29,3.19668339769066,248.634191799023,8.46404927439198e-05
2015-02-05,3.80325542937895,306.939962067758,0.00021723380400512
2015-02-12,4.07378421920158,278.96168233249,5.21983934636399e-06
2015-02-19,3.99619578891881,229.737540931954,4.65745908294685e-06
2015-02-26,4.46246646363431,219.782309005072,6.62409268016801e-05
2015-03-05,3.57472168928587,210.323623392179,3.50084542851687e-05
2015-03-12,4.43271722991495,255.832561590152,2.83651252579623e-05
2015-03-19,2.66938368578101,217.387790603605,0
2015-03-26,3.78399078435052,302.364609907248,4.59358309528118e-05
2015-04-02,3.38717147806896,222.154856128812,0.000175164478807029
2015-04-09,3.75760445740396,321.21975100681,2.93965329241688e-05
2015-04-16,4.21077441825277,254.936612117143,1.95514836648929e-05
2015-04-23,3.77381514070335,321.612441702039,1.58349082620893e-05
2015-04-30,3.26772789426682,247.98522189961,2.77122210084821e-05
2015-05-07,3.69266761807059,228.703618382919,0.00010445732484296
2015-05-14,3.88820986405153,226.579793730255,0.000155348212482902
2015-05-21,3.18871152560612,257.814164576502,0.000120333534673691
2015-05-28,3.31682595442043,237.136663259347,3.81196505311752e-05
2015-06-04,4.89885340895332,202.846995202066,0.000212202933479663
2015-06-11,4.16346012100554,254.00059542933,3.65694272698445e-05
2015-06-18,3.06104657939163,278.512746649434,6.68440428588256e-05
2015-06-25,2.44725062229559,267.696346754666,0.00019330039363986
2015-07-02,2.65565324017785,252.271754183315,5.67489210880501e-05
2015-07-09,3.74475162107749,205.265852934981,0.00018101515718127
2015-07-16,2.23030542396147,286.886280760568,0.000199892802924906
2015-07-23,3.26627493863495,253.335483694939,0.00014220639280619
2015-07-30,3.69555910999374,225.892105661081,0.000193657963384809
2015-08-06,2.56877827569811,243.517005571094,0.00014691137698182
2015-08-13,2.50658721687872,234.203131387863,1.69121436962403e-05
2015-08-20,2.71433673203471,241.636391099711,5.94063658539127e-08
2015-08-27,2.809506013394,184.789839139851,4.76190113186728e-05
2015-09-03,3.84508393541009,274.247813160571,0.00018094273799242
2015-09-10,3.38782468940778,306.501529056683,0.000134378896886295
2015-09-17,3.29465962118389,172.834804423109,5.00365675214707e-05
2015-09-24,3.05913592040674,210.295900498121,0.00018298744852762
2015-10-01,3.06744709129209,259.974347734467,3.2482835074008e-05
2015-10-08,3.27780940157991,266.33872930394,4.22068085019225e-07
2015-10-15,1.34357017198242,321.439615344926,1.47667252265442e-07
2015-10-22,1.72647575778662,296.902646740865,9.52255755892612e-06
2015-10-29,3.74031124020813,256.905982302832,1.38660115652167e-05
2015-11-05,2.98165214388196,279.576840908833,5.83709977633181e-06
2015-11-12,3.35315225695909,232.642041306561,0.000161422371947736
2015-11-19,3.11717209204934,237.720978494491,0.000108863579864582
2015-11-26,3.14936411901688,277.034941920988,6.5340778915265e-05
2015-12-03,4.76026275106425,236.533238245337,0.000101506242897303
2015-12-10,5.56644321584508,235.369586731408,6.50765620309433e-05
2015-12-17,3.702401073212,259.640940075933,6.38929609131674e-06
2015-12-24,5.07586576719243,235.22293337833,5.28456399639915e-05
2015-12-31,4.18585340831581,227.117150631512,2.31814955060235e-05
2016-01-07,2.9810001190852,265.624916164885,1.3814560742341e-05
2016-01-14,3.54467716058685,292.202451306021,8.91486803690592e-05
2016-01-21,2.90694905859938,299.058352009386,1.84490567161923e-06
2016-01-28,3.0841591180548,235.46627630736,3.34722655160086e-05
2016-02-04,5.30076160688217,244.579243376287,0.00010407254809425
2016-02-11,4.01965819006733,221.457600161594,6.2794912429083e-05
2016-02-18,2.95916605246589,278.86630682622,3.32934515816825e-05
2016-02-25,2.94341769444067,216.539824841201,4.45956275576637e-05
2016-03-03,2.67198083726141,228.770736684841,8.5773922148205e-06
2016-03-10,3.09108583424407,196.75683712085,7.50763075692313e-05
2016-03-17,1.96886133447593,274.457583146027,2.93198085966564e-06
2016-03-24,2.67026763810212,274.624943222302,5.09137199038551e-05
2016-03-31,3.20505268828543,205.224150226166,1.73988796415783e-05
2016-04-07,2.73100785300939,216.894363101608,5.15239579336984e-05
2016-04-14,2.37762923259515,245.919407649964,5.22250220889137e-05
2016-04-21,3.82767275295966,244.206489843328,5.83018575395857e-05
2016-04-28,2.61551647685882,291.651188434489,0.000106697990780785
2016-05-05,2.88581863558341,199.250938202298,6.07910610380627e-05
2016-05-12,2.52883912991923,245.699543534176,4.54130626860119e-08
2016-05-19,3.55334222030359,308.087266192912,8.72186252049037e-05
2016-05-26,3.35062959161545,224.087863560563,1.22955867222377e-05
2016-06-02,3.52754171584718,365.515417403614,0.000118976547604515
2016-06-09,3.21997239123586,337.604362808866,1.78530102684384e-05
2016-06-16,3.14432541759439,279.250121198853,2.04273632594517e-05
2016-06-23,3.1457299217175,266.316320355478,0.000229693594433012
2016-06-30,2.74555328117464,229.777352368695,0.000138944103604271
2016-07-07,3.02249585626862,237.138316090732,8.87257712227957e-05
2016-07-14,3.17933842302276,251.935313210125,0.000129265444619315
2016-07-21,2.86069661579918,259.558968429986,1.49919873192197e-05
2016-07-28,2.42671389773663,263.984959603283,5.55799120948428e-05
2016-08-04,3.11923444552372,216.147542282977,2.30187461489723e-05
2016-08-11,3.85263275587683,228.685249883733,8.61258733840216e-05
2016-08-18,4.28381762980219,295.721702327904,5.53074337187267e-05
2016-08-25,2.39406396143376,260.496751738047,0.000114140056428455
2016-09-01,3.58922333779312,277.61551226227,0.000155392147245861
2016-09-08,3.95339043718181,259.963142432336,4.05850864592053e-05
2016-09-15,2.57175724544321,228.46713578765,1.2289910089402e-06
2016-09-22,1.80629737710248,307.117550085366,1.10410508655366e-06
2016-09-29,2.73578294537623,252.90195418988,9.3882992154076e-05
2016-10-06,4.4200413076122,313.908341263764,1.95616767519996e-05
2016-10-13,4.12562546892893,398.605897034692,2.47501191638765e-05
2016-10-20,2.79249465006466,254.287379629896,9.58783285958426e-06
2016-10-27,3.81610298367934,359.03523888314,0.000114585672106062
2016-11-03,4.46570179668391,280.36585905784,0.000226500488462902
2016-11-10,3.49177707251991,368.989344596413,7.13666280110677e-05
2016-11-17,2.62434191518601,261.478393013526,4.31452478681292e-05
2016-11-24,4.12268020953711,185.12561374478,8.4104992094494e-05
2016-12-01,4.56142437923138,281.995635411383,2.80368895757766e-05
2016-12-08,3.74963322651072,279.182823000298,1.82787577311198e-05
2016-12-15,3.62273438080756,283.623619884097,6.72737757364909e-05
2016-12-22,3.61790217130726,255.781831448379,2.05777940295991e-06
2016-12-29,5.4666591853004,253.032534183427,1.63742474147252e-05
2017-01-05,4.77535791495069,281.607061910787,6.54373850141253e-05
2017-01-12,4.06601295282876,235.132374004863,6.05867022559756e-05
2017-01-19,3.19314370432629,267.193892623393,1.49011611938477e-05
2017-01-26,3.36122755490007,255.32058309969,3.20729755219959e-06
2017-02-02,2.8525877045563,227.447068128643,4.95853878202892e-06
2017-02-09,3.19741651647455,290.455342897224,1.44328389848982e-05
2017-02-16,2.78128000470012,316.245118824862,7.77698698497954e-07
2017-02-23,3.87032861866485,265.751145726166,0.000102511474064418
2017-03-02,3.77240304834609,234.241076062723,4.37583242143903e-05
2017-03-09,3.85066297670736,349.069508353498,8.12411308288574e-05
2017-03-16,3.64845070371215,238.209627813766,1.54432796296619e-05
2017-03-23,4.04580026841971,240.781684078,5.15381495157878e-05
2017-03-30,3.36566255955241,266.594044635466,1.70270601908366e-05
2017-04-06,3.42427631287187,244.615666612362,5.67947115216936e-05
2017-04-13,3.41479797917452,256.042306433705,1.01753643580845e-05
2017-04-20,2.61745132230246,346.26799737557,2.72591908772786e-05
2017-04-27,4.02943904892459,257.82906338827,0.000125859464917864
2017-05-04,3.04653268667275,292.69541498399,7.56127493722098e-06
2017-05-11,3.05790992997916,329.180313931727,1.83752604893276e-05
2017-05-18,2.42558056057566,204.622395897706,2.74039450145903e-05
2017-05-25,2.98374288345667,282.346248035967,1.23182932535807e-05
2017-06-01,3.16652512011912,264.550872916202,9.16095007033575e-05
2017-06-08,3.75030345013377,220.56065629893,0.000100763071151007
2017-06-15,3.26535117275397,225.440828982779,0.000120900926135835
2017-06-22,3.16904952337578,244.249627068986,5.52818888709659e-05
2017-06-29,3.52559011468944,238.665678858619,9.74904923211961e-05
2017-07-06,3.59079772451625,323.812089480306,6.0098511832101e-05
2017-07-13,2.44804619845292,216.699827770199,4.42323230561756e-05
2017-07-20,3.30766476998129,257.660674818205,1.2905824752081e-05
2017-07-27,2.34042758189221,322.002571529436,2.50509807041713e-05
2017-08-03,3.09473329322414,236.361453987809,3.88622283935547e-05
2017-08-10,3.56610923476193,219.200944742031,7.51955168587821e-05
2017-08-17,2.79725521266982,222.166995433564,0.000120773201897031
2017-08-24,2.89051126918905,250.053372784866,0.000144827933538528
2017-08-31,2.75313964160651,270.16557835868,8.67020516168503e-05
2017-09-07,3.53058524548219,309.643747364263,0.000178870700654529
2017-09-14,3.34352861741926,218.451328092147,8.19081351870582e-05
2017-09-21,2.49672775822133,351.136498651633,0.000104963779449463
2017-09-28,3.10353237849487,351.516455683114,4.27535602024623e-05
2017-10-05,3.91651367514525,189.671620146608,8.33812214079357e-05
2017-10-12,3.84260990719205,310.296859723432,0.000223454974946522
2017-10-19,4.05714734307432,247.056260430187,0.000176185653323219
2017-10-26,3.17120432152135,298.078183122342,7.76307923453195e-05
2017-11-02,3.84523463731874,287.053671149869,7.02029182797386e-05
2017-11-09,3.32391718330679,230.910118790353,1.57583327520461e-05
2017-11-16,3.40499024976164,264.615141820853,5.65137181963239e-05
2017-11-23,3.56062074465665,279.343099090245,8.42979976109096e-05
2017-11-30,3.55440794912087,175.529195644534,0.000120770363580613
2017-12-07,3.31248780534397,276.38162068297,1.68766294206892e-05
2017-12-14,3.96129337085148,237.996468386088,0.000118354956309001
2017-12-21,3.06060363165242,265.799657440358,7.45767638796852e-05
2017-12-28,3.64352793481483,250.38476865261,7.06911087036133e-05
2018-01-04,3.00672686021804,178.216068356397,0.000105872040703183
2018-01-11,3.34651710070585,325.356292723233,3.62594922383626e-05
2018-01-18,3.63605224263326,219.126360744565,6.74242065066383e-05
2018-01-25,2.82121900400094,287.280649531515,6.71375365484329e-05
2018-02-01,3.59270011469194,237.888216830335,0.000104407469431559
2018-02-08,3.03780043548163,312.77065762268,7.75342895871117e-05
2018-02-15,3.0765830952508,172.538090062609,3.36454028174991e-05
2018-02-22,2.02206048469693,286.850075189398,2.4145557766869e-05
2018-03-01,3.26832507332753,359.02306250623,4.73715010143462e-05
2018-03-08,2.68074946228043,371.184790353516,1.06266566685268e-05
2018-03-15,2.83982784619268,290.726244282441,0.000176736286708287
2018-03-22,3.4333978443147,310.663673913561,5.24520874023438e-06
2018-03-29,2.86555458719079,269.603927807013,4.75985663277762e-06
2018-04-05,2.77530971254852,284.763661249127,2.07906677609398e-05
2018-04-12,3.13630731188084,259.387215899351,7.5013864608038e-05
2018-04-19,2.69116591835284,277.663745456366,1.14270618983677e-05
2018-04-26,3.71104701673574,256.368752789365,3.17863055637905e-05
2018-05-03,2.74196551779705,272.994007233332,9.33919634137835e-05
2018-05-10,3.15152706018376,224.897762595973,2.66517911638532e-05
2018-05-17,2.63312914292723,203.368889719299,3.29244704473586e-07
2018-05-24,3.34230979927753,284.702431979946,9.13654054914202e-06
2018-05-31,2.30103016806484,261.027811063421,0
2018-06-07,3.03806098580755,282.090068437683,2.0946775163923e-06
2018-06-14,2.79210427949696,243.910134646842,9.88046328226725e-05
2018-06-21,4.42119846091234,219.325996175085,4.28670928591774e-05
2018-06-28,2.95360405277461,292.826971211069,0.000157027017502558
2018-07-05,4.00796794571314,333.284098102332,2.34558468773251e-05
2018-07-12,2.41981749223309,328.609624822925,4.28018115815662e-06
2018-07-19,2.09869746786145,236.613937140875,6.13076346261161e-06
2018-07-26,2.27132985635723,241.765207646884,6.18752979096912e-06
2018-08-02,2.68104564433258,191.493745876004,0.000140229860941569
2018-08-09,2.86130559041767,247.720997300224,0.000145997319902693
2018-08-16,2.9275889093264,244.478282514167,8.4403015318371e-05
2018-08-23,3.69208522239519,239.420153102208,3.98045494442894e-05
2018-08-30,2.9379690685939,193.26662700492,7.9583554040818e-05
2018-09-06,1.96100367344442,275.793342516332,8.00348463512602e-05
2018-09-13,3.48774097249905,253.688771171566,9.88216627211798e-05
2018-09-20,4.55475055140205,234.981010986519,4.46438789367676e-05
2018-09-27,5.36234185865312,252.113994679973,8.70738710675921e-05
2018-10-04,3.64472404794046,278.725513411124,0.000132901327950614
2018-10-11,4.06159133411431,247.689418922522,2.08758172534761e-05
2018-10-18,3.48998697095954,195.086429454697,1.51566096714565e-06
2018-10-25,3.69161584517649,262.985639192543,5.27671405247279e-05
2018-11-01,4.15919858270311,303.740937145548,0.000103317555927095
2018-11-08,2.97970078997777,182.407192655155,1.08906200953892e-05
2018-11-15,2.62685589096926,184.957475789335,3.50759142921084e-05
2018-11-22,2.91192773035033,313.845325394413,9.84895797002883e-07
2018-11-29,2.33675789576331,284.155562689636,1.98682149251302e-07
2018-12-06,4.71532290667313,193.713391568607,0.000151219822111584
2018-12-13,2.99085767171108,254.987429808031,0.000100487754458473
2018-12-20,2.28361931105207,281.212230335467,3.59501157488142e-05
2018-12-27,3.2570741905877,287.48984701076,2.82526016235352e-05
2019-01-03,3.67325167995076,285.782462174899,1.09275182088216e-05
2019-01-10,3.27288812581516,295.517389585466,0.0001068115234375
2019-01-17,3.68266590880296,265.608520459897,7.76222773960658e-05
2019-01-24,2.64759839466199,257.995588994768,1.20912279401507e-05
2019-01-31,2.53080467079957,287.73272862012,7.78181212288993e-05
2019-02-07,3.32245093072568,307.500731375577,0.00016908986227853
2019-02-14,4.29348267755406,239.035189556811,7.51898402259463e-05
2019-02-21,4.20385455974405,256.388620723109,2.19401859101795e-06
2019-02-28,3.68692008433583,272.217697364605,1.36523019699823e-06
2019-03-07,3.63356482551051,283.1533378498,8.8972704751151e-05
2019-03-14,3.96423476089889,237.949195161673,0.000140326363699777
2019-03-21,3.47200367282169,227.327487331571,0.000143218608129592
2019-03-28,4.16568831021409,267.107542094405,8.80729584466844e-06
2019-04-04,4.45847004971217,233.848874947388,1.38793672834124e-05
2019-04-11,4.3308470376075,287.019352504606,3.01372437250047e-05
2019-04-18,2.26511116645803,342.394592724887,2.28484471638997e-06
2019-04-25,2.8286481632927,212.531651861215,6.03426070440383e-06
2019-05-02,2.85133893496573,314.319144415583,1.22757185073126e-05
2019-05-09,3.2794535880121,252.900845765778,0.000119337013789586
2019-05-16,2.63602373296773,236.90608351739,7.0583252679734e-05
2019-05-23,2.76404698560849,334.055502449758,9.89380336943127e-05
2019-05-30,3.20253752025074,233.526668636045,0.000153044859568278
2019-06-06,3.81288437195872,220.845527276225,4.08064751397996e-05
2019-06-13,4.13170692095328,240.84831247863,6.52926308768136e-05
2019-06-20,3.44715529077476,245.577105945002,0.000147356873466855
2019-06-27,3.27232790680941,223.390217573282,7.8783148810977e-05
2019-07-04,3.44195042959146,282.954085026067,5.4433232262021e-05
2019-07-11,3.66980034700045,327.395346432329,0.00010065237681071
2019-07-18,1.93439224695346,327.60440380351,0.000157038370768229
2019-07-25,2.02694233023215,209.651460310253,5.64995266142346e-05
2019-08-01,3.19573369368319,336.168968533726,3.1454222542899e-05
2019-08-08,1.99759276664782,266.964951030991,7.66913096110026e-05
2019-08-15,3.12011404575253,220.660783752716,0.000180908611842564
2019-08-22,3.36535301221534,207.905555742021,0.00013074136915661
2019-08-29,3.10725389696439,201.175240077132,5.50377936590286e-05
2019-09-05,3.67123416779999,212.151039999772,0.000115899812607538
2019-09-12,3.44972168147062,250.158706387527,8.4814571198963e-05
2019-09-19,4.7103032827697,279.175016903918,5.78562418619792e-05
2019-09-26,2.53535580510501,294.944427194893,4.12407375517346e-06
2019-10-03,2.93706606519725,232.85207790639,0.000131059260595412
2019-10-10,2.62573003802257,314.680306528791,2.74635496593657e-05
2019-10-17,3.16339791009506,241.235640109076,0.000140383130028134
2019-10-24,3.21704820937182,228.671396287473,8.62450826735724e-05
2019-10-31,3.45471062058281,261.272536180726,0.000102196420942034
2019-11-07,3.23762088184391,324.564424577899,2.13441394624256e-06
2019-11-14,2.97904284257353,301.410735959933,0.000157833099365234
2019-11-21,3.2449780260828,225.230899667213,8.92508597601028e-05
2019-11-28,2.40423266282091,166.499770624278,7.23316555931455e-05
2019-12-05,3.69079528211096,272.230886247127,0.000148174308595203
2019-12-12,4.9503452585962,236.275928413036,0.00019384849639166
2019-12-19,3.48883753371658,196.239563921327,0.000194506985800607
2019-12-26,2.01086845523931,206.258168656828,5.69423039754232e-05
2020-01-02,4.60290684631279,287.442815427449,9.28129468645368e-06
2020-01-09,5.59443904907576,247.735445572691,1.23608679998489e-05
2020-01-16,4.6807301288567,245.017092577938,4.76666859218052e-05
2020-01-23,4.81681668223023,250.739842383562,4.83932949247814e-06
2020-01-30,3.78747430033769,214.007159930037,5.58609054202125e-05
2020-02-06,3.32514487785877,264.597736885803,5.36668868291946e-05
2020-02-13,4.3381575291884,242.649876716701,6.23861948649088e-05
2020-02-20,5.06133733448092,240.123473658103,4.14223898024786e-05
2020-02-27,5.38608731597219,274.889520124953,3.86294864472889e-05
2020-03-05,3.39892505294423,284.418982187582,0.000191007341657366
2020-03-12,3.13241740160997,231.104304755445,5.12599945068359e-05
2020-03-19,4.6548090807859,261.449357361564,8.11332748049781e-05
2020-03-26,4.31938391753004,271.114077407756,3.42584791637602e-06
2020-04-02,3.79444998986002,279.245093777464,2.48920349847703e-06
2020-04-09,4.5783086701601,241.334723408186,3.59387624831427e-05
2020-04-16,4.59957421858266,282.909008902786,3.16387131100609e-05
2020-04-23,3.51391900176569,327.517874156456,5.43821425664992e-06
2020-04-30,3.32488198608355,312.737457791725,5.89944067455473e-05
2020-05-07,2.82974297304694,260.811011246973,0.00014038880666097
2020-05-14,3.53440465127141,264.828002775966,0.000122921807425363
2020-05-21,2.62547903079262,275.825115054937,7.10203534080869e-05
2020-05-28,2.55199856732657,249.983181625,5.14501617068336e-05
2020-06-04,3.02853166648963,293.009762683647,1.96411496117002e-06
2020-06-11,3.04386650545218,243.805655079803,0.000100944723401751
2020-06-18,3.10456527570318,330.081222359802,0.000209751583281017
2020-06-25,2.45174626495146,268.381835727084,8.51494925362723e-07
2020-07-02,2.77109459129819,213.710974080036,4.98039381844657e-05
2020-07-09,3.83896021341665,227.404835800363,0.000175620828356062
2020-07-16,2.28577814582756,224.678143375014,9.05110722496396e-05
2020-07-23,3.04773188922122,223.111238145467,9.83079274495443e-05
2020-07-30,3.49090475730758,226.818879281256,0.000119986988249279
2020-08-06,3.37294158289966,258.138440443596,5.59687614440918e-05
2020-08-13,2.69511579290363,274.197359907397,7.25757508050828e-06
2020-08-20,2.34600270167405,210.910511966966,1.9050779796782e-05
2020-08-27,3.19056075032894,213.409383975021,4.20638493129185e-05
2020-09-03,2.7468824302155,360.956650484517,0.000101103669121152
2020-09-10,3.52258983491534,236.830138240839,0.00011553650810605
2020-09-17,4.1248982215312,251.586492767498,3.91716048831031e-05
2020-09-24,3.60744177573123,258.349147532102,3.26406388055711e-07
2020-10-01,2.78442733188721,274.430933671175,6.28147806440081e-05
2020-10-08,4.05944106233926,276.106994841295,0.000142341568356469
2020-10-15,3.4979753525929,246.099170826308,5.64455986022949e-05
2020-10-22,3.40359025691257,270.072485350428,4.50753030322847e-05
2020-10-29,3.3751223591177,205.727127387033,0.000269631544748942
2020-11-05,3.9918295536126,214.957419824811,5.72743869963146e-05
2020-11-12,2.89170498332277,250.207465277707,1.43647193908691e-05
2020-11-19,3.65401529067225,173.898665969525,4.06929424830845e-05
2020-11-26,5.07721040771006,248.313685526538,7.65721003214518e-05
2020-12-03,2.34269715986251,276.304874749006,4.63894435337612e-05
2020-12-10,3.64310639242171,135.333234497471,7.32853299095517e-05
2020-12-17,2.94244550144012,230.692352745191,6.62690117245629e-05
2020-12-24,3.45243651899452,206.961651444654,0.000119521504356748
2020-12-31,4.1850104634108,237.046984293993,0.000125308831532796
2021-01-07,2.80676044332246,325.993356677882,4.09420296652841e-05
2021-01-14,3.28081601919111,294.446828458175,0.000142939189601423
2021-01-21,3.01698657840752,240.942274417817,4.34766731643148e-05
2021-01-28,3.78282044557666,262.209971064786,0.000107274476047094
2021-02-04,2.9875987781323,328.885480856217,6.94108818236681e-05
2021-02-11,2.95760024534987,348.949514412399,1.29041881497201e-05
2021-02-18,2.91593816994436,283.952178132212,6.66911507534102e-06
2021-02-25,3.45175657196841,209.108791964937,5.15546328262671e-05
2021-03-04,4.04683212716662,276.482548220905,7.64551047558598e-08
2021-03-11,4.15624405227202,300.086568987626,1.20384933698184e-05
2021-03-18,2.97711188456697,264.144156798992,7.77548415375866e-05
2021-03-25,4.12111391878954,285.484539286582,6.08455208688842e-06
2021-04-01,4.05119487611683,225.73888752171,4.7717542256289e-05
2021-04-08,4.35655675495277,289.281950355165,4.27503496691256e-05
2021-04-15,3.64269302026272,256.064032656974,7.25686369315888e-05
2021-04-22,3.02505938828562,346.650424572249,1.93367702447126e-06
2021-04-29,3.91241932417397,324.987115537187,0.000112134153643193
2021-05-06,3.01760552258523,245.71869818825,0.0001014487563461
2021-05-13,3.41096014788409,239.877760497006,0.000105908637456909
2021-05-20,2.68952382353416,228.051999545763,0.00010023742078011
2021-05-27,3.02695099298498,267.08223167474,0.000257351864647835
2021-06-03,2.94328726340419,307.108248347616,4.30697090129531e-05
2021-06-10,1.52671463303412,231.56256923661,0.000104455990466531
2021-06-17,3.49788145264829,243.650254535776,5.15665789363852e-05
2021-06-24,3.08194214338657,240.003337325027,5.00056205476021e-05
2021-07-01,1.95769436601587,267.002312784885,0.000156105395766403
2021-07-08,3.22231280053976,262.171408859447,7.92242130821297e-05
2021-07-15,2.81678609378888,207.793027126553,9.34209703466437e-05
2021-07-22,2.82313575800602,288.147786672717,1.04600140195284e-05
2021-07-29,2.60195397223624,239.647229967713,7.53289847762429e-05
2021-08-05,2.5817299572856,249.030816102149,0.000124545365648701
2021-08-12,2.57637080559069,241.37496026193,0.000293670428629302
2021-08-19,3.39165366844064,255.039381969801,0.000169942973320029
2021-08-26,3.04367239875083,298.929509742073,0.000110394003602636
2021-09-02,3.98856597339277,372.232422264155,0.000105109840893669
2021-09-09,3.45099097249015,280.319899494412,2.75636580794734e-06
2021-09-16,2.40837178563799,264.772522556029,8.44924476442727e-05
2021-09-23,3.01547889720709,330.779631094205,1.38312062948952e-05
2021-09-30,4.00637679471407,200.261415808827,6.96928100224583e-05
2021-10-07,4.7523546821234,160.713982806389,0.000142700267399058
2021-10-14,3.35803481757826,253.831348396933,4.27678706306324e-05
2021-10-21,4.01778622506465,237.949335681215,3.2388293752566e-05
2021-10-28,4.09297887790474,244.890886429411,4.99809319200244e-05
2021-11-04,3.35815028753082,178.15374997303,5.7136651880849e-05
2021-11-11,3.68993762694494,275.742435764956,9.54095994776598e-05
2021-11-18,3.17098452707202,278.113434486394,1.36512182357805e-05
2021-11-25,3.84528758116854,271.730804842862,9.04878021089385e-06
2021-12-02,3.02089260711344,352.509130745938,3.45083300948758e-06
2021-12-09,2.66178823389825,335.920286467609,7.26801339593535e-06
2021-12-16,3.21318168674026,199.7126483678,7.96399377142446e-05
2021-12-23,3.97581405339833,299.821155832861,3.89044986183874e-06
2021-12-30,3.28731239596064,254.031045537845,6.87745523580365e-05
2022-01-06,3.39905460270044,241.233659172562,9.66888661471005e-05
2022-01-13,3.02494077639633,272.817892165421,3.74983131695434e-05
2022-01-20,5.69494716958916,272.852983522205,4.89482208016251e-05
2022-01-27,4.30903186036728,278.135049787188,1.86354276414529e-05
2022-02-03,4.34771094998264,301.250591458983,0.000140364799146175
2022-02-10,4.11880117641137,237.322380709376,5.98214241856962e-05
2022-02-17,4.56212901463655,226.809521960392,7.62091380654939e-05
2022-02-24,4.12687617222499,263.745901072092,0.00014705600122868
2022-03-03,3.82540069534996,246.923635712231,3.71562308360964e-05
2022-03-10,2.65516647820918,294.064111423806,4.65661815163545e-08
2022-03-17,2.44161544524573,190.588985898181,9.13413560513357e-08
2022-03-24,3.12047902687228,227.945817147937,2.53069286471627e-06
2022-03-31,4.14208141893844,289.594642265846,7.52222932187431e-06
2022-04-07,2.9803573467956,293.990672524513,7.24856345511661e-05
2022-04-14,3.56455940776474,255.244829161186,0.000114359377776267
2022-04-21,2.44768791798494,272.149525542869,1.83148373917826e-05
2022-04-28,3.39923436212484,361.353495933627,8.62011660147167e-06
2022-05-05,3.1968150424177,272.672790251664,5.03631163169298e-06
2022-05-12,3.76996114129612,241.693043644451,5.95599371664121e-05
2022-05-19,3.79615021984328,292.471594773828,2.97522079749944e-05
2022-05-26,2.94635780659189,250.054268943895,4.75243702514132e-05
2022-06-02,2.73383793240225,276.857176376597,0.000253791062285133
2022-06-09,3.16098829704428,214.245192391174,0.000141758202577703
2022-06-16,3.03310762715605,254.945936308973,0.000111004821700107
2022-06-23,2.4462517615553,263.70923270574,8.15141007443967e-05
2022-06-30,3.1396750857674,198.91911340791,4.62796203993411e-05
2022-07-07,3.39879656289489,203.451303901198,0.000155934022835473
2022-07-14,2.45479690353548,289.936457894908,7.11190962243589e-05
2022-07-21,3.35696518356767,270.573491420054,2.16873035377562e-05
2022-07-28,3.06571450937117,273.603207298645,0.000163520728408678
2022-08-04,2.58536718526168,229.154769478576,7.80520842493526e-06
2022-08-11,2.85734675723672,234.304607804742,0.000111660330255299
2022-08-18,3.06435501450996,184.383847434869,1.85978164948436e-05
2022-08-25,2.27903415112565,238.65438564592,0.000159657526349801
2022-09-01,3.24064372149455,300.542237809063,0.000163278942466189
2022-09-08,2.02912495578844,345.575710602798,1.10899152288204e-05
2022-09-15,2.88878697071462,266.740115221985,6.63514356398758e-05
2022-09-22,3.28178578813711,306.686859079115,0.000104589434692737
2022-09-29,2.69748786807847,200.928751456239,5.35976749253359e-05
2022-10-06,3.02419611098552,267.19154025951,4.16803144711093e-05
2022-10-13,4.68905816690269,233.926050806,3.7401598792548e-05
2022-10-20,3.46682117250923,234.81636449604,7.39685883317642e-05
2022-10-27,2.49038039169943,237.813844163522,5.69038738129979e-05
2022-11-03,3.11074052910344,227.800936574737,5.43104957039326e-05
2022-11-10,3.78219796796811,187.277882817907,0.000100676084438381
2022-11-17,3.64068764626718,282.741915574724,6.37598485377912e-06
2022-11-24,3.86840907067028,347.304563348898,8.70178651982347e-05
2022-12-01,2.00720244487025,332.76853459358,2.39618824041324e-05
2022-12-08,2.12627774857599,362.019671335674,2.23983333093715e-05
2022-12-15,2.95845024043181,323.456709991476,4.4176978203179e-05
2022-12-22,3.39044170245831,218.739937306604,3.55335785109492e-05
2022-12-29,3.42614344466991,233.639610505411,7.58204895505304e-05
2023-01-05,3.81037238049665,260.001955275564,0.00011977354545137
2023-01-12,4.41573576828598,205.112078441642,0.000157218219884841
2023-01-19,4.19112287589927,182.776429427573,0.000137631394020009
2023-01-26,3.0384028440416,229.505449420941,1.22541882663208e-05
2023-02-02,3.71919949139773,272.359446681131,1.91598482759097e-05
2023-02-09,3.45073655700668,276.222389744224,1.09074612001396e-05
2023-02-16,4.10168422093811,257.843121998488,3.21775245583762e-05
2023-02-23,3.93558842131876,268.909636698153,0.000111293113534846
2023-03-02,3.14323945277137,300.261351755438,4.07362663408043e-05
2023-03-09,4.40078101680254,298.948370776949,6.03347432794907e-05
2023-03-16,3.28852874420765,246.64331948617,8.5793025009958e-05
2023-03-23,3.18636504871912,224.479428373442,7.9638516585374e-05
2023-03-30,4.13718729883045,300.006530379215,0.000190606085409566
2023-04-06,2.82556767239802,354.59499841221,1.49476423986834e-05
2023-04-13,2.4789510806799,225.561644736705,3.27189568139907e-06
2023-04-20,3.49102077481271,384.441728313609,1.55500714527156e-05
2023-04-27,2.36591725212553,268.554000506633,8.2486176106994e-05
2023-05-04,3.43233584599888,253.002419491064,0.000126836331414706
2023-05-11,2.79081912230778,215.272966854761,4.83793707896862e-06
2023-05-18,2.87149899576294,212.556907763215,6.85103703392749e-05
2023-05-25,2.57298647778381,190.547635054761,9.65668415394072e-07
2023-06-01,3.55196594155079,281.518418750944,2.72772199664188e-06
2023-06-08,3.02049075087794,290.715028746226,1.42759922588065e-06
2023-06-15,2.58516474908623,249.031433534729,5.96260838461887e-08
2023-06-22,2.38913971244049,247.209033809076,5.48484582083554e-05
2023-06-29,2.67393601199481,252.979197263283,5.30055324674078e-06
2023-07-06,3.35925935685984,239.89733906334,0.000269189837132419
2023-07-13,3.04833418596517,216.123150856834,0.000126987795374821
2023-07-20,3.96048429580649,229.909010254398,9.83583654839361e-05
2023-07-27,2.80372160966058,220.208875114585,0.000125987859095148
2023-08-03,2.39118077544326,220.118113524838,0.000318740483523176
2023-08-10,3.7707012894713,218.706246713447,0.000258003435517045
2023-08-17,3.31347746444863,191.846614370354,0.000177945480272891
2023-08-24,2.7518162350547,297.429917480092,4.15957043769322e-05
2023-08-31,2.34497596719948,243.617458650914,0.000120950483046073
2023-09-07,2.62797873787868,297.756015235536,0.000132657070841208
2023-09-14,2.58297330394631,240.951194204401,1.52958038997623e-05
2023-09-21,3.65727175328031,215.493970483736,8.96988761805265e-05
2023-09-28,3.86227392519208,202.363232013975,9.45176232554982e-06
2023-10-05,3.570772043626,234.834640393397,0.000128903368988041
2023-10-12,4.73904988393366,265.966413112244,5.41973687870464e-05
2023-10-19,4.55711956849183,271.211195142778,5.59059645000184e-05
2023-10-26,3.67122192592505,404.690342382043,6.15923738985454e-05
2023-11-02,3.18659082609091,339.049464133532,0.000174285672367849
2023-11-09,2.76432379395367,261.346919946886,0.000240626201540951
2023-11-16,2.78743755299722,274.126062785324,6.01819086048044e-05
2023-11-23,2.45116956073397,330.955307245529,4.8113452162878e-05
2023-11-30,3.7797400245806,332.793063752638,6.09659573395176e-05
2023-12-07,2.72457190740069,325.433037567703,3.07560935480657e-05
2023-12-14,3.08795881138572,318.996791591638,6.34702528610576e-05
2023-12-21,3.6136053746123,248.711275741543,5.71738754783569e-05
2023-12-28,3.87374215361844,296.785750723263,0.000180362050061876
2024-01-04,3.48183235443185,353.44626754007,0.000115412419073078
2024-01-11,3.44012800520663,318.941867882899,1.20401382446289e-05
2024-01-18,3.95636605865879,286.119339932452,6.8071342649914e-05
2024-01-25,4.09899087919593,242.44018224407,7.96204521542504e-05
2024-02-01,3.70205904066,245.590425203093,5.3749198005313e-05
2024-02-08,4.31272637415548,290.036423090494,2.97001429966518e-05
2024-02-15,2.9992910769479,351.758788425307,9.2259475163051e-05
2024-02-22,2.76815380259195,205.64924565022,0.000180704253060477
2024-02-29,3.2921336372748,203.710893981204,4.91057123456682e-05
2024-03-07,3.3907120748141,282.141454873373,3.28109377906436e-06
2024-03-14,2.4638702572114,312.969156573448,2.42959885370164e-06
2024-03-21,3.74429418312304,257.390571696284,0.000111594086601621
2024-03-28,2.94861512311289,227.646802375189,4.26031294323149e-05
2024-04-04,3.99903885040397,266.353857764212,6.95302372887021e-05
2024-04-11,3.68349797275891,237.093789010587,9.64431535629999e-05
2024-04-18,4.43961719075122,292.55111950784,0.000113072849455334
2024-04-25,3.57703349026926,318.02579566395,2.35438346862793e-05
2024-05-02,2.62697787874253,259.157183064522,0.00011895667938959
2024-05-09,2.96506961599411,253.821546502389,7.67906506856283e-05
2024-05-16,2.41916759216393,231.221791322849,5.09477797008696e-06
2024-05-23,3.02409815189901,246.297086127039,6.52812776111421e-08
2024-05-30,2.80494381328115,168.558540485534,9.43825358436221e-05
2024-06-06,2.98010798404982,273.24632702296,4.11073366800944e-05
2024-06-13,3.31661359264607,230.270552605569,0.00017279102688744
2024-06-20,2.80146624973753,199.239850105004,9.89153271629697e-05
2024-06-27,2.87554688501093,244.221088893871,7.68332254318964e-06
2024-07-04,3.17728761377142,237.91419361227,0.000210262480236235
2024-07-11,4.23044792873,198.70749050895,0.000162456716809954
2024-07-18,2.86503867538668,248.257384394998,0.000211837745848156
2024-07-25,2.38844684261614,250.434439281026,7.9628967103504e-05
2024-08-01,2.89395891430589,256.891705176378,9.43655059451149e-05
2024-08-08,1.9612944448605,263.626176449528,4.05623799278623e-05
2024-08-15,3.62200683298848,238.718303309318,4.8310983748663e-05
2024-08-22,3.52523953877854,217.270557085578,7.24934396289644e-05
2024-08-29,4.68685573680131,217.752518872463,3.47949209667387e-05
2024-09-05,3.18225263061868,209.038318699756,9.64459918794178e-05
2024-09-12,3.39381640194054,160.634380431282,0.000124735491616385
2024-09-19,1.8795418187922,286.244027747839,8.04662704467773e-06
2024-09-26,2.65682900090996,225.70820486275,4.88502638680594e-05
2024-10-03,2.90215130929635,281.717629210958,0.000199269680749802
2024-10-10,2.58004669261942,224.377293793414,0.000160285404750279
2024-10-17,3.01855758655533,240.479516836529,0.000141453175317673
2024-10-24,4.64761580733222,202.733067949881,1.80885905311221e-05
2024-10-31,3.74684684709776,244.119416734909,5.83217257545108e-05
